"Label (Grouping)","New York!!Estimate","New York!!Percent","NYC-Bronx Community District 8--Riverdale, Fieldston & Kingsbridge PUMA; New York!!Estimate","NYC-Bronx Community District 8--Riverdale, Fieldston & Kingsbridge PUMA; New York!!Percent","NYC-Bronx Community District 12--Wakefield, Williamsbridge & Woodlawn PUMA; New York!!Estimate","NYC-Bronx Community District 12--Wakefield, Williamsbridge & Woodlawn PUMA; New York!!Percent","NYC-Bronx Community District 10--Co-op City, Pelham Bay & Schuylerville PUMA; New York!!Estimate","NYC-Bronx Community District 10--Co-op City, Pelham Bay & Schuylerville PUMA; New York!!Percent","NYC-Bronx Community District 11--Pelham Parkway, Morris Park & Laconia PUMA; New York!!Estimate","NYC-Bronx Community District 11--Pelham Parkway, Morris Park & Laconia PUMA; New York!!Percent","NYC-Bronx Community District 3 & 6--Belmont, Crotona Park East & East Tremont PUMA; New York!!Estimate","NYC-Bronx Community District 3 & 6--Belmont, Crotona Park East & East Tremont PUMA; New York!!Percent","NYC-Bronx Community District 7--Bedford Park, Fordham North & Norwood PUMA; New York!!Estimate","NYC-Bronx Community District 7--Bedford Park, Fordham North & Norwood PUMA; New York!!Percent","NYC-Bronx Community District 5--Morris Heights, Fordham South & Mount Hope PUMA; New York!!Estimate","NYC-Bronx Community District 5--Morris Heights, Fordham South & Mount Hope PUMA; New York!!Percent","NYC-Bronx Community District 4--Concourse, Highbridge & Mount Eden PUMA; New York!!Estimate","NYC-Bronx Community District 4--Concourse, Highbridge & Mount Eden PUMA; New York!!Percent","NYC-Bronx Community District 9--Castle Hill, Clason Point & Parkchester PUMA; New York!!Estimate","NYC-Bronx Community District 9--Castle Hill, Clason Point & Parkchester PUMA; New York!!Percent","NYC-Bronx Community District 1 & 2--Hunts Point, Longwood & Melrose PUMA; New York!!Estimate","NYC-Bronx Community District 1 & 2--Hunts Point, Longwood & Melrose PUMA; New York!!Percent","NYC-Manhattan Community District 12--Washington Heights, Inwood & Marble Hill PUMA; New York!!Estimate","NYC-Manhattan Community District 12--Washington Heights, Inwood & Marble Hill PUMA; New York!!Percent","NYC-Manhattan Community District 9--Hamilton Heights, Manhattanville & West Harlem PUMA; New York!!Estimate","NYC-Manhattan Community District 9--Hamilton Heights, Manhattanville & West Harlem PUMA; New York!!Percent","NYC-Manhattan Community District 10--Central Harlem PUMA, New York!!Estimate","NYC-Manhattan Community District 10--Central Harlem PUMA, New York!!Percent","NYC-Manhattan Community District 11--East Harlem PUMA, New York!!Estimate","NYC-Manhattan Community District 11--East Harlem PUMA, New York!!Percent","NYC-Manhattan Community District 8--Upper East Side PUMA, New York!!Estimate","NYC-Manhattan Community District 8--Upper East Side PUMA, New York!!Percent","NYC-Manhattan Community District 7--Upper West Side & West Side PUMA, New York!!Estimate","NYC-Manhattan Community District 7--Upper West Side & West Side PUMA, New York!!Percent","NYC-Manhattan Community District 4 & 5--Chelsea, Clinton & Midtown Business District PUMA; New York!!Estimate","NYC-Manhattan Community District 4 & 5--Chelsea, Clinton & Midtown Business District PUMA; New York!!Percent","NYC-Manhattan Community District 6--Murray Hill, Gramercy & Stuyvesant Town PUMA; New York!!Estimate","NYC-Manhattan Community District 6--Murray Hill, Gramercy & Stuyvesant Town PUMA; New York!!Percent","NYC-Manhattan Community District 3--Chinatown & Lower East Side PUMA, New York!!Estimate","NYC-Manhattan Community District 3--Chinatown & Lower East Side PUMA, New York!!Percent","NYC-Manhattan Community District 1 & 2--Battery Park City, Greenwich Village & Soho PUMA; New York!!Estimate","NYC-Manhattan Community District 1 & 2--Battery Park City, Greenwich Village & Soho PUMA; New York!!Percent","NYC-Staten Island Community District 3--Tottenville, Great Kills & Annadale PUMA; New York!!Estimate","NYC-Staten Island Community District 3--Tottenville, Great Kills & Annadale PUMA; New York!!Percent","NYC-Staten Island Community District 2--New Springville & South Beach PUMA, New York!!Estimate","NYC-Staten Island Community District 2--New Springville & South Beach PUMA, New York!!Percent","NYC-Staten Island Community District 1--Port Richmond, Stapleton & Mariner's Harbor PUMA; New York!!Estimate","NYC-Staten Island Community District 1--Port Richmond, Stapleton & Mariner's Harbor PUMA; New York!!Percent","NYC-Brooklyn Community District 1--Greenpoint & Williamsburg PUMA, New York!!Estimate","NYC-Brooklyn Community District 1--Greenpoint & Williamsburg PUMA, New York!!Percent","NYC-Brooklyn Community District 4--Bushwick PUMA, New York!!Estimate","NYC-Brooklyn Community District 4--Bushwick PUMA, New York!!Percent","NYC-Brooklyn Community District 3--Bedford-Stuyvesant PUMA, New York!!Estimate","NYC-Brooklyn Community District 3--Bedford-Stuyvesant PUMA, New York!!Percent","NYC-Brooklyn Community District 2--Brooklyn Heights & Fort Greene PUMA, New York!!Estimate","NYC-Brooklyn Community District 2--Brooklyn Heights & Fort Greene PUMA, New York!!Percent","NYC-Brooklyn Community District 6--Park Slope, Carroll Gardens & Red Hook PUMA; New York!!Estimate","NYC-Brooklyn Community District 6--Park Slope, Carroll Gardens & Red Hook PUMA; New York!!Percent","NYC-Brooklyn Community District 8--Crown Heights North & Prospect Heights PUMA, New York!!Estimate","NYC-Brooklyn Community District 8--Crown Heights North & Prospect Heights PUMA, New York!!Percent","NYC-Brooklyn Community District 16--Brownsville & Ocean Hill PUMA, New York!!Estimate","NYC-Brooklyn Community District 16--Brownsville & Ocean Hill PUMA, New York!!Percent","NYC-Brooklyn Community District 5--East New York & Starrett City PUMA, New York!!Estimate","NYC-Brooklyn Community District 5--East New York & Starrett City PUMA, New York!!Percent","NYC-Brooklyn Community District 18--Canarsie & Flatlands PUMA, New York!!Estimate","NYC-Brooklyn Community District 18--Canarsie & Flatlands PUMA, New York!!Percent","NYC-Brooklyn Community District 17--East Flatbush, Farragut & Rugby PUMA; New York!!Estimate","NYC-Brooklyn Community District 17--East Flatbush, Farragut & Rugby PUMA; New York!!Percent","NYC-Brooklyn Community District 9--Crown Heights South, Prospect Lefferts & Wingate PUMA; New York!!Estimate","NYC-Brooklyn Community District 9--Crown Heights South, Prospect Lefferts & Wingate PUMA; New York!!Percent","NYC-Brooklyn Community District 7--Sunset Park & Windsor Terrace PUMA, New York!!Estimate","NYC-Brooklyn Community District 7--Sunset Park & Windsor Terrace PUMA, New York!!Percent","NYC-Brooklyn Community District 10--Bay Ridge & Dyker Heights PUMA, New York!!Estimate","NYC-Brooklyn Community District 10--Bay Ridge & Dyker Heights PUMA, New York!!Percent","NYC-Brooklyn Community District 12--Borough Park, Kensington & Ocean Parkway PUMA; New York!!Estimate","NYC-Brooklyn Community District 12--Borough Park, Kensington & Ocean Parkway PUMA; New York!!Percent","NYC-Brooklyn Community District 14--Flatbush & Midwood PUMA, New York!!Estimate","NYC-Brooklyn Community District 14--Flatbush & Midwood PUMA, New York!!Percent","NYC-Brooklyn Community District 15--Sheepshead Bay, Gerritsen Beach & Homecrest PUMA; New York!!Estimate","NYC-Brooklyn Community District 15--Sheepshead Bay, Gerritsen Beach & Homecrest PUMA; New York!!Percent","NYC-Brooklyn Community District 11--Bensonhurst & Bath Beach PUMA, New York!!Estimate","NYC-Brooklyn Community District 11--Bensonhurst & Bath Beach PUMA, New York!!Percent","NYC-Brooklyn Community District 13--Brighton Beach & Coney Island PUMA, New York!!Estimate","NYC-Brooklyn Community District 13--Brighton Beach & Coney Island PUMA, New York!!Percent","NYC-Queens Community District 1--Astoria & Long Island City PUMA, New York!!Estimate","NYC-Queens Community District 1--Astoria & Long Island City PUMA, New York!!Percent","NYC-Queens Community District 3--Jackson Heights & North Corona PUMA, New York!!Estimate","NYC-Queens Community District 3--Jackson Heights & North Corona PUMA, New York!!Percent","NYC-Queens Community District 7--Flushing, Murray Hill & Whitestone PUMA; New York!!Estimate","NYC-Queens Community District 7--Flushing, Murray Hill & Whitestone PUMA; New York!!Percent","NYC-Queens Community District 11--Bayside, Douglaston & Little Neck PUMA; New York!!Estimate","NYC-Queens Community District 11--Bayside, Douglaston & Little Neck PUMA; New York!!Percent","NYC-Queens Community District 13--Queens Village, Cambria Heights & Rosedale PUMA; New York!!Estimate","NYC-Queens Community District 13--Queens Village, Cambria Heights & Rosedale PUMA; New York!!Percent","NYC-Queens Community District 8--Briarwood, Fresh Meadows & Hillcrest PUMA; New York!!Estimate","NYC-Queens Community District 8--Briarwood, Fresh Meadows & Hillcrest PUMA; New York!!Percent","NYC-Queens Community District 4--Elmhurst & South Corona PUMA, New York!!Estimate","NYC-Queens Community District 4--Elmhurst & South Corona PUMA, New York!!Percent","NYC-Queens Community District 6--Forest Hills & Rego Park PUMA, New York!!Estimate","NYC-Queens Community District 6--Forest Hills & Rego Park PUMA, New York!!Percent","NYC-Queens Community District 2--Sunnyside & Woodside PUMA, New York!!Estimate","NYC-Queens Community District 2--Sunnyside & Woodside PUMA, New York!!Percent","NYC-Queens Community District 5--Ridgewood, Glendale & Middle Village PUMA; New York!!Estimate","NYC-Queens Community District 5--Ridgewood, Glendale & Middle Village PUMA; New York!!Percent","NYC-Queens Community District 9--Richmond Hill & Woodhaven PUMA, New York!!Estimate","NYC-Queens Community District 9--Richmond Hill & Woodhaven PUMA, New York!!Percent","NYC-Queens Community District 12--Jamaica, Hollis & St. Albans PUMA; New York!!Estimate","NYC-Queens Community District 12--Jamaica, Hollis & St. Albans PUMA; New York!!Percent","NYC-Queens Community District 10--Howard Beach & Ozone Park PUMA, New York!!Estimate","NYC-Queens Community District 10--Howard Beach & Ozone Park PUMA, New York!!Percent","NYC-Queens Community District 14--Far Rockaway, Breezy Point & Broad Channel PUMA; New York!!Estimate","NYC-Queens Community District 14--Far Rockaway, Breezy Point & Broad Channel PUMA; New York!!Percent"
"SEX AND AGE","","","","","","","","","","","","","","","","","","","","","","","","","","","","","","","","","","","","","","","","","","","","","","","","","","","","","","","","","","","","","","","","","","","","","","","","","","","","","","","","","","","","","","","","","","","","","","","","","","","","","","","","","","","","","","","",""
"    Total population","19,835,913","19,835,913","109,361","109,361","134,899","134,899","124,141","124,141","137,755","137,755","175,532","175,532","130,407","130,407","130,157","130,157","145,325","145,325","177,815","177,815","159,556","159,556","216,768","216,768","118,426","118,426","128,792","128,792","123,582","123,582","207,429","207,429","197,826","197,826","151,924","151,924","144,396","144,396","141,066","141,066","146,667","146,667","169,906","169,906","138,438","138,438","185,150","185,150","159,580","159,580","114,694","114,694","137,061","137,061","147,130","147,130","117,511","117,511","138,614","138,614","123,956","123,956","178,925","178,925","196,219","196,219","139,133","139,133","109,967","109,967","134,945","134,945","111,952","111,952","172,253","172,253","173,007","173,007","159,185","159,185","206,519","206,519","120,401","120,401","156,981","156,981","153,743","153,743","242,765","242,765","121,130","121,130","206,394","206,394","163,732","163,732","137,364","137,364","126,028","126,028","149,487","149,487","168,184","168,184","143,841","143,841","270,688","270,688","156,106","156,106","134,700","134,700"
"        Male","9,696,573","48.9%","48,308","44.2%","60,421","44.8%","62,235","50.1%","66,030","47.9%","82,707","47.1%","65,253","50.0%","60,630","46.6%","69,348","47.7%","86,601","48.7%","73,790","46.2%","103,607","47.8%","58,884","49.7%","60,721","47.1%","55,107","44.6%","93,321","45.0%","92,841","46.9%","76,531","50.4%","69,799","48.3%","70,786","50.2%","69,083","47.1%","83,860","49.4%","69,159","50.0%","89,884","48.5%","75,882","47.6%","54,762","47.7%","64,753","47.2%","67,520","45.9%","61,051","52.0%","65,729","47.4%","52,185","42.1%","78,053","43.6%","89,144","45.4%","64,165","46.1%","51,802","47.1%","68,604","50.8%","55,502","49.6%","88,332","51.3%","81,059","46.9%","77,265","48.5%","104,150","50.4%","57,446","47.7%","76,563","48.8%","78,458","51.0%","119,217","49.1%","57,817","47.7%","97,953","47.5%","82,357","50.3%","68,129","49.6%","60,928","48.3%","76,244","51.0%","83,160","49.4%","74,518","51.8%","127,837","47.2%","77,897","49.9%","59,430","44.1%"
"        Female","10,139,340","51.1%","61,053","55.8%","74,478","55.2%","61,906","49.9%","71,725","52.1%","92,825","52.9%","65,154","50.0%","69,527","53.4%","75,977","52.3%","91,214","51.3%","85,766","53.8%","113,161","52.2%","59,542","50.3%","68,071","52.9%","68,475","55.4%","114,108","55.0%","104,985","53.1%","75,393","49.6%","74,597","51.7%","70,280","49.8%","77,584","52.9%","86,046","50.6%","69,279","50.0%","95,266","51.5%","83,698","52.4%","59,932","52.3%","72,308","52.8%","79,610","54.1%","56,460","48.0%","72,885","52.6%","71,771","57.9%","100,872","56.4%","107,075","54.6%","74,968","53.9%","58,165","52.9%","66,341","49.2%","56,450","50.4%","83,921","48.7%","91,948","53.1%","81,920","51.5%","102,369","49.6%","62,955","52.3%","80,418","51.2%","75,285","49.0%","123,548","50.9%","63,313","52.3%","108,441","52.5%","81,375","49.7%","69,235","50.4%","65,100","51.7%","73,243","49.0%","85,024","50.6%","69,323","48.2%","142,851","52.8%","78,209","50.1%","75,270","55.9%"
"        Sex ratio (males per 100 females)","95.6","(X)","79.1","(X)","81.1","(X)","100.5","(X)","92.1","(X)","89.1","(X)","100.2","(X)","87.2","(X)","91.3","(X)","94.9","(X)","86.0","(X)","91.6","(X)","98.9","(X)","89.2","(X)","80.5","(X)","81.8","(X)","88.4","(X)","101.5","(X)","93.6","(X)","100.7","(X)","89.0","(X)","97.5","(X)","99.8","(X)","94.4","(X)","90.7","(X)","91.4","(X)","89.6","(X)","84.8","(X)","108.1","(X)","90.2","(X)","72.7","(X)","77.4","(X)","83.3","(X)","85.6","(X)","89.1","(X)","103.4","(X)","98.3","(X)","105.3","(X)","88.2","(X)","94.3","(X)","101.7","(X)","91.2","(X)","95.2","(X)","104.2","(X)","96.5","(X)","91.3","(X)","90.3","(X)","101.2","(X)","98.4","(X)","93.6","(X)","104.1","(X)","97.8","(X)","107.5","(X)","89.5","(X)","99.6","(X)","79.0","(X)"
"        Under 5 years","1,092,698","5.5%","6,975","6.4%","9,375","6.9%","6,273","5.1%","9,463","6.9%","10,297","5.9%","10,092","7.7%","10,432","8.0%","9,717","6.7%","10,536","5.9%","12,000","7.5%","10,403","4.8%","4,405","3.7%","9,934","7.7%","7,145","5.8%","8,381","4.0%","7,986","4.0%","5,259","3.5%","5,947","4.1%","4,374","3.1%","6,484","4.4%","9,043","5.3%","6,633","4.8%","11,219","6.1%","11,998","7.5%","3,803","3.3%","11,033","8.0%","9,431","6.4%","10,323","8.8%","7,303","5.3%","5,128","4.1%","16,468","9.2%","13,186","6.7%","7,976","5.7%","4,845","4.4%","9,878","7.3%","6,752","6.0%","21,010","12.2%","10,040","5.8%","9,876","6.2%","11,960","5.8%","6,501","5.4%","7,426","4.7%","6,626","4.3%","12,007","4.9%","8,456","7.0%","9,728","4.7%","12,979","7.9%","6,144","4.5%","8,379","6.6%","8,219","5.5%","8,485","5.0%","7,529","5.2%","15,559","5.7%","9,709","6.2%","10,220","7.6%"
"        5 to 9 years","1,107,024","5.6%","5,711","5.2%","9,417","7.0%","8,227","6.6%","9,548","6.9%","13,740","7.8%","7,484","5.7%","10,224","7.9%","8,203","5.6%","11,219","6.3%","11,089","6.9%","9,639","4.4%","5,037","4.3%","6,722","5.2%","5,304","4.3%","7,485","3.6%","9,135","4.6%","5,124","3.4%","4,842","3.4%","3,924","2.8%","3,771","2.6%","7,558","4.4%","9,461","6.8%","10,708","5.8%","6,661","4.2%","3,268","2.8%","8,645","6.3%","3,762","2.6%","7,961","6.8%","5,884","4.2%","9,650","7.8%","11,829","6.6%","11,242","5.7%","7,698","5.5%","5,608","5.1%","12,013","8.9%","7,760","6.9%","21,225","12.3%","10,556","6.1%","10,110","6.4%","12,476","6.0%","6,592","5.5%","4,990","3.2%","9,861","6.4%","12,403","5.1%","5,943","4.9%","8,885","4.3%","10,357","6.3%","8,325","6.1%","5,691","4.5%","6,348","4.2%","7,986","4.7%","8,102","5.6%","17,423","6.4%","9,535","6.1%","10,991","8.2%"
"        10 to 14 years","1,192,942","6.0%","6,418","5.9%","7,965","5.9%","5,954","4.8%","9,965","7.2%","15,513","8.8%","8,514","6.5%","8,083","6.2%","13,100","9.0%","11,572","6.5%","14,680","9.2%","11,042","5.1%","4,202","3.5%","7,329","5.7%","8,994","7.3%","8,772","4.2%","8,499","4.3%","2,456","1.6%","3,922","2.7%","4,417","3.1%","5,047","3.4%","9,279","5.5%","11,386","8.2%","12,233","6.6%","6,133","3.8%","6,343","5.5%","11,488","8.4%","6,864","4.7%","5,303","4.5%","8,280","6.0%","5,068","4.1%","13,666","7.6%","14,790","7.5%","6,855","4.9%","6,423","5.8%","11,119","8.2%","4,279","3.8%","16,206","9.4%","11,791","6.8%","8,539","5.4%","16,376","7.9%","7,631","6.3%","5,322","3.4%","7,242","4.7%","10,455","4.3%","6,729","5.6%","12,902","6.3%","8,799","5.4%","8,760","6.4%","6,133","4.9%","9,133","6.1%","10,781","6.4%","9,029","6.3%","18,974","7.0%","7,116","4.6%","9,823","7.3%"
"        15 to 19 years","1,216,068","6.1%","6,606","6.0%","8,472","6.3%","6,199","5.0%","8,857","6.4%","11,684","6.7%","8,751","6.7%","9,855","7.6%","10,682","7.4%","12,088","6.8%","11,899","7.5%","9,005","4.2%","8,312","7.0%","5,351","4.2%","7,243","5.9%","9,786","4.7%","5,492","2.8%","4,169","2.7%","4,598","3.2%","8,403","6.0%","6,802","4.6%","10,358","6.1%","6,338","4.6%","12,921","7.0%","6,583","4.1%","5,714","5.0%","6,172","4.5%","5,814","4.0%","4,012","3.4%","5,869","4.2%","5,839","4.7%","12,714","7.1%","12,424","6.3%","7,881","5.7%","5,291","4.8%","7,166","5.3%","5,468","4.9%","14,309","8.3%","10,708","6.2%","8,386","5.3%","12,649","6.1%","5,966","5.0%","5,036","3.2%","7,316","4.8%","8,456","3.5%","5,318","4.4%","11,191","5.4%","8,881","5.4%","8,824","6.4%","4,178","3.3%","6,272","4.2%","8,519","5.1%","9,341","6.5%","18,829","7.0%","7,210","4.6%","9,865","7.3%"
"        20 to 24 years","1,240,087","6.3%","6,124","5.6%","8,240","6.1%","7,274","5.9%","9,687","7.0%","15,286","8.7%","8,384","6.4%","10,795","8.3%","9,917","6.8%","12,261","6.9%","8,799","5.5%","13,697","6.3%","13,426","11.3%","5,356","4.2%","6,104","4.9%","7,923","3.8%","6,070","3.1%","8,383","5.5%","11,385","7.9%","13,868","9.8%","12,183","8.3%","9,752","5.7%","7,660","5.5%","12,923","7.0%","7,280","4.6%","7,682","6.7%","9,733","7.1%","10,361","7.0%","4,004","3.4%","7,843","5.7%","8,096","6.5%","11,342","6.3%","10,185","5.2%","8,798","6.3%","6,806","6.2%","6,062","4.5%","6,325","5.6%","9,405","5.5%","9,853","5.7%","7,909","5.0%","11,639","5.6%","4,681","3.9%","8,282","5.3%","9,935","6.5%","8,511","3.5%","4,341","3.6%","13,669","6.6%","8,425","5.1%","6,890","5.0%","5,094","4.0%","4,928","3.3%","12,077","7.2%","8,115","5.6%","16,516","6.1%","10,152","6.5%","7,090","5.3%"
"        25 to 34 years","2,793,961","14.1%","14,322","13.1%","21,545","16.0%","16,948","13.7%","21,582","15.7%","25,218","14.4%","20,356","15.6%","20,153","15.5%","23,757","16.3%","25,781","14.5%","26,734","16.8%","37,605","17.3%","22,346","18.9%","21,035","16.3%","19,535","15.8%","44,979","21.7%","26,407","13.3%","39,440","26.0%","34,828","24.1%","31,891","22.6%","36,138","24.6%","22,840","13.4%","16,434","11.9%","26,148","14.1%","48,722","30.5%","34,674","30.2%","31,522","23.0%","37,553","25.5%","20,256","17.2%","35,190","25.4%","19,897","16.1%","23,090","12.9%","21,745","11.1%","20,788","14.9%","21,634","19.7%","19,975","14.8%","16,016","14.3%","22,267","12.9%","25,546","14.8%","20,142","12.7%","27,136","13.1%","12,288","10.2%","39,717","25.3%","25,395","16.5%","30,511","12.6%","13,125","10.8%","26,733","13.0%","22,459","13.7%","22,080","16.1%","17,080","13.6%","29,221","19.5%","26,046","15.5%","21,629","15.0%","36,274","13.4%","23,418","15.0%","15,368","11.4%"
"        35 to 44 years","2,556,851","12.9%","14,276","13.1%","15,598","11.6%","12,439","10.0%","17,097","12.4%","22,791","13.0%","20,317","15.6%","16,397","12.6%","19,396","13.3%","23,165","13.0%","22,448","14.1%","30,372","14.0%","19,172","16.2%","23,648","18.4%","18,909","15.3%","25,836","12.5%","33,983","17.2%","24,393","16.1%","15,795","10.9%","17,101","12.1%","20,869","14.2%","19,124","11.3%","18,826","13.6%","24,428","13.2%","31,683","19.9%","17,790","15.5%","20,814","15.2%","23,735","16.1%","26,645","22.7%","24,160","17.4%","16,494","13.3%","20,842","11.6%","24,513","12.5%","17,669","12.7%","13,359","12.1%","21,878","16.2%","15,291","13.7%","18,971","11.0%","24,142","14.0%","18,673","11.7%","27,274","13.2%","13,159","10.9%","27,305","17.4%","23,498","15.3%","33,202","13.7%","13,870","11.5%","22,632","11.0%","20,230","12.4%","16,912","12.3%","16,449","13.1%","32,505","21.7%","24,840","14.8%","17,056","11.9%","37,029","13.7%","18,676","12.0%","13,876","10.3%"
"        45 to 54 years","2,464,191","12.4%","12,044","11.0%","16,962","12.6%","16,888","13.6%","17,122","12.4%","21,102","12.0%","18,914","14.5%","14,674","11.3%","17,684","12.2%","19,171","10.8%","16,221","10.2%","29,486","13.6%","10,504","8.9%","16,141","12.5%","15,972","12.9%","27,935","13.5%","26,214","13.3%","19,103","12.6%","17,870","12.4%","11,956","8.5%","17,543","12.0%","25,082","14.8%","16,205","11.7%","24,004","13.0%","14,911","9.3%","14,097","12.3%","15,164","11.1%","18,545","12.6%","15,358","13.1%","15,838","11.4%","14,871","12.0%","18,971","10.6%","24,387","12.4%","16,989","12.2%","13,142","12.0%","18,080","13.4%","13,601","12.1%","15,208","8.8%","20,455","11.8%","18,322","11.5%","25,234","12.2%","14,115","11.7%","18,591","11.8%","20,865","13.6%","29,624","12.2%","16,048","13.2%","28,154","13.6%","19,050","11.6%","21,740","15.8%","17,601","14.0%","20,081","13.4%","21,465","12.8%","21,473","14.9%","34,463","12.7%","21,079","13.5%","16,429","12.2%"
"        55 to 59 years","1,328,662","6.7%","7,084","6.5%","10,171","7.5%","8,126","6.5%","8,491","6.2%","11,208","6.4%","8,504","6.5%","8,918","6.9%","9,141","6.3%","11,114","6.3%","7,733","4.8%","11,662","5.4%","6,327","5.3%","9,225","7.2%","6,342","5.1%","10,688","5.2%","11,057","5.6%","11,560","7.6%","6,743","4.7%","10,299","7.3%","6,426","4.4%","11,990","7.1%","6,638","4.8%","13,147","7.1%","6,366","4.0%","4,912","4.3%","5,438","4.0%","7,095","4.8%","5,572","4.7%","7,491","5.4%","8,784","7.1%","10,745","6.0%","13,052","6.7%","10,060","7.2%","5,417","4.9%","6,598","4.9%","7,433","6.6%","6,872","4.0%","9,602","5.6%","12,731","8.0%","15,432","7.5%","6,752","5.6%","9,664","6.2%","10,854","7.1%","18,701","7.7%","9,675","8.0%","16,407","7.9%","10,973","6.7%","9,442","6.9%","9,124","7.2%","8,050","5.4%","12,483","7.4%","10,376","7.2%","17,367","6.4%","11,789","7.6%","6,921","5.1%"
"        60 to 64 years","1,366,092","6.9%","6,648","6.1%","8,004","5.9%","9,062","7.3%","7,404","5.4%","8,883","5.1%","6,474","5.0%","8,357","6.4%","6,013","4.1%","10,622","6.0%","8,731","5.5%","14,819","6.8%","7,149","6.0%","6,546","5.1%","8,904","7.2%","12,382","6.0%","13,510","6.8%","8,979","5.9%","11,140","7.7%","8,297","5.9%","5,529","3.8%","15,420","9.1%","10,207","7.4%","11,852","6.4%","5,309","3.3%","4,280","3.7%","4,662","3.4%","5,506","3.7%","5,012","4.3%","5,403","3.9%","11,466","9.3%","13,164","7.4%","13,308","6.8%","9,379","6.7%","7,331","6.7%","6,793","5.0%","7,737","6.9%","7,022","4.1%","10,328","6.0%","10,893","6.8%","13,054","6.3%","8,647","7.2%","8,869","5.6%","9,281","6.0%","20,679","8.5%","10,862","9.0%","15,576","7.5%","11,713","7.2%","7,068","5.1%","8,028","6.4%","5,129","3.4%","10,933","6.5%","9,807","6.8%","18,766","6.9%","11,898","7.6%","10,104","7.5%"
"        65 to 74 years","2,042,776","10.3%","13,393","12.2%","11,921","8.8%","13,024","10.5%","10,146","7.4%","13,084","7.5%","7,775","6.0%","8,252","6.3%","9,180","6.3%","17,068","9.6%","11,119","7.0%","22,714","10.5%","9,594","8.1%","10,762","8.4%","9,541","7.7%","18,319","8.8%","26,471","13.4%","14,943","9.8%","13,915","9.6%","16,348","11.6%","15,936","10.9%","17,673","10.4%","17,875","12.9%","15,320","8.3%","8,539","5.4%","7,620","6.6%","5,737","4.2%","10,399","7.1%","7,276","6.2%","9,991","7.2%","12,291","9.9%","13,531","7.6%","21,907","11.2%","15,001","10.8%","11,569","10.5%","9,220","6.8%","11,296","10.1%","13,606","7.9%","19,327","11.2%","19,379","12.2%","19,205","9.3%","19,147","15.9%","12,256","7.8%","13,680","8.9%","33,317","13.7%","15,567","12.9%","24,588","11.9%","17,423","10.6%","13,460","9.8%","14,976","11.9%","11,036","7.4%","15,295","9.1%","12,514","8.7%","23,552","8.7%","16,321","10.5%","12,905","9.6%"
"        75 to 84 years","1,019,837","5.1%","6,228","5.7%","4,697","3.5%","10,874","8.8%","5,221","3.8%","4,949","2.8%","4,084","3.1%","3,691","2.8%","6,837","4.7%","10,955","6.2%","6,892","4.3%","11,866","5.5%","5,928","5.0%","4,408","3.4%","6,289","5.1%","17,552","8.5%","17,842","9.0%","6,704","4.4%","9,425","6.5%","6,171","4.4%","7,538","5.1%","8,772","5.2%","7,916","5.7%","7,328","4.0%","3,901","2.4%","3,035","2.6%","4,807","3.5%","5,732","3.9%","5,378","4.6%","3,138","2.3%","4,276","3.4%","7,641","4.3%","11,069","5.6%","7,518","5.4%","5,709","5.2%","4,793","3.6%","7,057","6.3%","4,679","2.7%","7,410","4.3%","9,386","5.9%","9,342","4.5%","9,589","8.0%","6,311","4.0%","6,813","4.4%","16,489","6.8%","7,197","5.9%","11,025","5.3%","8,346","5.1%","5,510","4.0%","9,076","7.2%","6,616","4.4%","6,554","3.9%","6,640","4.6%","10,866","4.0%","6,959","4.5%","7,905","5.9%"
"        85 years and over","414,724","2.1%","3,532","3.2%","2,532","1.9%","2,853","2.3%","3,172","2.3%","1,777","1.0%","758","0.6%","326","0.3%","1,698","1.2%","2,263","1.3%","1,211","0.8%","4,458","2.1%","2,024","1.7%","2,335","1.8%","3,300","2.7%","7,391","3.6%","5,160","2.6%","1,411","0.9%","3,986","2.8%","4,017","2.8%","2,401","1.6%","3,015","1.8%","2,859","2.1%","2,919","1.6%","1,494","0.9%","1,476","1.3%","1,846","1.3%","2,333","1.6%","411","0.3%","2,224","1.6%","2,096","1.7%","4,922","2.8%","4,411","2.2%","2,521","1.8%","2,833","2.6%","1,370","1.0%","2,937","2.6%","1,473","0.9%","3,249","1.9%","4,839","3.0%","4,742","2.3%","5,333","4.4%","3,212","2.0%","2,377","1.5%","8,410","3.5%","3,999","3.3%","4,904","2.4%","4,097","2.5%","2,209","1.6%","4,219","3.3%","1,949","1.3%","2,720","1.6%","2,230","1.6%","5,070","1.9%","2,244","1.4%","3,203","2.4%"
"        Median age (years)","39.8","(X)","41.4","(X)","36.6","(X)","44.1","(X)","34.9","(X)","33.7","(X)","35.6","(X)","32.7","(X)","34.2","(X)","37.8","(X)","33.1","(X)","39.8","(X)","35.8","(X)","38.7","(X)","38.0","(X)","41.0","(X)","45.6","(X)","39.0","(X)","38.6","(X)","36.2","(X)","35.8","(X)","44.0","(X)","41.3","(X)","37.2","(X)","33.4","(X)","33.6","(X)","31.8","(X)","34.9","(X)","37.4","(X)","34.5","(X)","40.1","(X)","35.1","(X)","40.6","(X)","40.2","(X)","37.4","(X)","35.6","(X)","40.7","(X)","26.8","(X)","38.1","(X)","42.3","(X)","39.2","(X)","47.6","(X)","37.2","(X)","39.2","(X)","46.5","(X)","47.0","(X)","43.8","(X)","39.8","(X)","39.1","(X)","45.0","(X)","37.6","(X)","38.0","(X)","39.2","(X)","38.3","(X)","41.4","(X)","37.5","(X)"
"        Under 18 years","4,103,566","20.7%","22,995","21.0%","32,191","23.9%","23,942","19.3%","34,359","24.9%","45,522","25.9%","31,689","24.3%","35,671","27.4%","37,841","26.0%","41,647","23.4%","43,382","27.2%","37,480","17.3%","16,716","14.1%","28,395","22.0%","25,772","20.9%","30,515","14.7%","30,093","15.2%","14,119","9.3%","15,617","10.8%","15,644","11.1%","17,351","11.8%","33,026","19.4%","32,008","23.1%","42,029","22.7%","29,024","18.2%","17,096","14.9%","35,005","25.5%","22,633","15.4%","26,092","22.2%","25,697","18.5%","23,041","18.6%","51,128","28.6%","47,326","24.1%","27,888","20.0%","20,112","18.3%","37,860","28.1%","22,155","19.8%","67,809","39.4%","39,337","22.7%","33,337","20.9%","48,768","23.6%","25,781","21.4%","21,284","13.6%","28,791","18.7%","40,191","16.6%","24,835","20.5%","37,860","18.3%","37,180","22.7%","29,400","21.4%","23,105","18.3%","28,077","18.8%","32,385","19.3%","29,820","20.7%","64,059","23.7%","30,395","19.5%","37,462","27.8%"
"        16 years and over","16,210,453","81.7%","88,479","80.9%","106,762","79.1%","102,369","82.5%","107,334","77.9%","134,448","76.6%","102,109","78.3%","99,493","76.4%","111,923","77.0%","141,681","79.7%","119,899","75.1%","182,539","84.2%","103,808","87.7%","102,850","79.9%","101,494","82.1%","181,142","87.3%","170,120","86.0%","138,684","91.3%","129,439","89.6%","127,384","90.3%","130,962","89.3%","141,747","83.4%","109,147","78.8%","149,017","80.5%","134,247","84.1%","99,896","87.1%","104,605","76.3%","126,143","85.7%","92,759","78.9%","116,155","83.8%","103,276","83.3%","133,607","74.7%","154,164","78.6%","113,997","81.9%","91,698","83.4%","100,403","74.4%","91,752","82.0%","110,531","64.2%","138,399","80.0%","128,748","80.9%","163,620","79.2%","98,166","81.5%","138,137","88.0%","128,629","83.7%","205,479","84.6%","98,590","81.4%","172,904","83.8%","130,379","79.6%","112,365","81.8%","104,862","83.2%","124,743","83.4%","138,669","82.5%","118,011","82.0%","214,055","79.1%","129,307","82.8%","101,657","75.5%"
"        18 years and over","15,732,347","79.3%","86,366","79.0%","102,708","76.1%","100,199","80.7%","103,396","75.1%","130,010","74.1%","98,718","75.7%","94,486","72.6%","107,484","74.0%","136,168","76.6%","116,174","72.8%","179,288","82.7%","101,710","85.9%","100,397","78.0%","97,810","79.1%","176,914","85.3%","167,733","84.8%","137,805","90.7%","128,779","89.2%","125,422","88.9%","129,316","88.2%","136,880","80.6%","106,430","76.9%","143,121","77.3%","130,556","81.8%","97,598","85.1%","102,056","74.5%","124,497","84.6%","91,419","77.8%","112,917","81.5%","100,915","81.4%","127,797","71.4%","148,893","75.9%","111,245","80.0%","89,855","81.7%","97,085","71.9%","89,797","80.2%","104,444","60.6%","133,670","77.3%","125,848","79.1%","157,751","76.4%","94,620","78.6%","135,697","86.4%","124,952","81.3%","202,574","83.4%","96,295","79.5%","168,534","81.7%","126,552","77.3%","107,964","78.6%","102,923","81.7%","121,410","81.2%","135,799","80.7%","114,021","79.3%","206,629","76.3%","125,711","80.5%","97,238","72.2%"
"        21 years and over","14,973,928","75.5%","82,165","75.1%","98,318","72.9%","95,806","77.2%","97,860","71.0%","120,652","68.7%","94,139","72.2%","89,196","68.5%","100,777","69.3%","130,728","73.5%","107,714","67.5%","173,814","80.2%","93,897","79.3%","98,316","76.3%","93,449","75.6%","170,906","82.4%","164,955","83.4%","133,425","87.8%","123,318","85.4%","117,646","83.4%","122,972","83.8%","131,085","77.2%","103,675","74.9%","135,753","73.3%","127,733","80.0%","94,334","82.2%","98,393","71.8%","119,876","81.5%","89,493","76.2%","110,810","79.9%","97,381","78.6%","122,013","68.2%","142,140","72.4%","107,373","77.2%","86,891","79.0%","93,328","69.2%","86,885","77.6%","97,313","56.5%","128,443","74.2%","120,647","75.8%","151,177","73.2%","92,292","76.7%","131,911","84.0%","121,348","78.9%","197,364","81.3%","94,015","77.6%","160,916","78.0%","120,802","73.8%","103,833","75.6%","100,645","79.9%","118,782","79.5%","130,907","77.8%","108,142","75.2%","196,877","72.7%","120,925","77.5%","92,099","68.4%"
"        62 years and over","4,277,704","21.6%","27,925","25.5%","23,083","17.1%","32,000","25.8%","22,687","16.5%","25,579","14.6%","16,397","12.6%","16,330","12.5%","20,915","14.4%","37,048","20.8%","23,216","14.6%","48,232","22.3%","22,034","18.6%","20,913","16.2%","22,857","18.5%","50,355","24.3%","57,139","28.9%","28,524","18.8%","35,279","24.4%","31,062","22.0%","29,713","20.3%","39,293","23.1%","35,269","25.5%","32,522","17.6%","17,532","11.0%","15,046","13.1%","15,477","11.3%","21,756","14.8%","16,247","13.8%","18,290","13.2%","25,812","20.8%","33,501","18.7%","45,842","23.4%","30,525","21.9%","24,545","22.3%","19,766","14.6%","26,337","23.5%","24,104","14.0%","37,429","21.6%","40,097","25.2%","41,718","20.2%","38,471","32.0%","27,318","17.4%","27,966","18.2%","69,984","28.8%","33,269","27.5%","49,151","23.8%","35,805","21.9%","25,137","18.3%","33,222","26.4%","22,017","14.7%","31,252","18.6%","26,861","18.7%","49,974","18.5%","31,769","20.4%","29,837","22.2%"
"        65 years and over","3,477,337","17.5%","23,153","21.2%","19,150","14.2%","26,751","21.5%","18,539","13.5%","19,810","11.3%","12,617","9.7%","12,269","9.4%","17,715","12.2%","30,286","17.0%","19,222","12.0%","39,038","18.0%","17,546","14.8%","17,505","13.6%","19,130","15.5%","43,262","20.9%","49,473","25.0%","23,058","15.2%","27,326","18.9%","26,536","18.8%","25,875","17.6%","29,460","17.3%","28,650","20.7%","25,567","13.8%","13,934","8.7%","12,131","10.6%","12,390","9.0%","18,464","12.5%","13,065","11.1%","15,353","11.1%","18,663","15.1%","26,094","14.6%","37,387","19.1%","25,040","18.0%","20,111","18.3%","15,383","11.4%","21,290","19.0%","19,758","11.5%","29,986","17.3%","33,604","21.1%","33,289","16.1%","34,069","28.3%","21,779","13.9%","22,870","14.9%","58,216","24.0%","26,763","22.1%","40,517","19.6%","29,866","18.2%","21,179","15.4%","28,271","22.4%","19,601","13.1%","24,569","14.6%","21,384","14.9%","39,488","14.6%","25,524","16.4%","24,013","17.8%"
"        18 years and over","15,732,347","15,732,347","86,366","86,366","102,708","102,708","100,199","100,199","103,396","103,396","130,010","130,010","98,718","98,718","94,486","94,486","107,484","107,484","136,168","136,168","116,174","116,174","179,288","179,288","101,710","101,710","100,397","100,397","97,810","97,810","176,914","176,914","167,733","167,733","137,805","137,805","128,779","128,779","125,422","125,422","129,316","129,316","136,880","136,880","106,430","106,430","143,121","143,121","130,556","130,556","97,598","97,598","102,056","102,056","124,497","124,497","91,419","91,419","112,917","112,917","100,915","100,915","127,797","127,797","148,893","148,893","111,245","111,245","89,855","89,855","97,085","97,085","89,797","89,797","104,444","104,444","133,670","133,670","125,848","125,848","157,751","157,751","94,620","94,620","135,697","135,697","124,952","124,952","202,574","202,574","96,295","96,295","168,534","168,534","126,552","126,552","107,964","107,964","102,923","102,923","121,410","121,410","135,799","135,799","114,021","114,021","206,629","206,629","125,711","125,711","97,238","97,238"
"            Male","7,594,117","48.3%","39,142","45.3%","43,644","42.5%","47,401","47.3%","48,495","46.9%","60,629","46.6%","47,587","48.2%","43,437","46.0%","50,562","47.0%","64,206","47.2%","52,159","44.9%","86,287","48.1%","49,616","48.8%","47,113","46.9%","42,072","43.0%","78,826","44.6%","78,100","46.6%","68,824","49.9%","60,658","47.1%","61,450","49.0%","60,459","46.8%","67,488","49.3%","51,920","48.8%","67,109","46.9%","63,798","48.9%","46,985","48.1%","46,700","45.8%","56,255","45.2%","46,518","50.9%","52,112","46.2%","42,013","41.6%","53,673","42.0%","64,898","43.6%","49,607","44.6%","40,446","45.0%","47,069","48.5%","42,398","47.2%","51,916","49.7%","62,549","46.8%","60,629","48.2%","80,001","50.7%","42,683","45.1%","66,449","49.0%","63,701","51.0%","96,991","47.9%","45,783","47.5%","78,328","46.5%","60,564","47.9%","52,923","49.0%","48,320","46.9%","62,413","51.4%","67,242","49.5%","56,591","49.6%","97,421","47.1%","62,217","49.5%","42,935","44.2%"
"            Female","8,138,230","51.7%","47,224","54.7%","59,064","57.5%","52,798","52.7%","54,901","53.1%","69,381","53.4%","51,131","51.8%","51,049","54.0%","56,922","53.0%","71,962","52.8%","64,015","55.1%","93,001","51.9%","52,094","51.2%","53,284","53.1%","55,738","57.0%","98,088","55.4%","89,633","53.4%","68,981","50.1%","68,121","52.9%","63,972","51.0%","68,857","53.2%","69,392","50.7%","54,510","51.2%","76,012","53.1%","66,758","51.1%","50,613","51.9%","55,356","54.2%","68,242","54.8%","44,901","49.1%","60,805","53.8%","58,902","58.4%","74,124","58.0%","83,995","56.4%","61,638","55.4%","49,409","55.0%","50,016","51.5%","47,399","52.8%","52,528","50.3%","71,121","53.2%","65,219","51.8%","77,750","49.3%","51,937","54.9%","69,248","51.0%","61,251","49.0%","105,583","52.1%","50,512","52.5%","90,206","53.5%","65,988","52.1%","55,041","51.0%","54,603","53.1%","58,997","48.6%","68,557","50.5%","57,430","50.4%","109,208","52.9%","63,494","50.5%","54,303","55.8%"
"            Sex ratio (males per 100 females)","93.3","(X)","82.9","(X)","73.9","(X)","89.8","(X)","88.3","(X)","87.4","(X)","93.1","(X)","85.1","(X)","88.8","(X)","89.2","(X)","81.5","(X)","92.8","(X)","95.2","(X)","88.4","(X)","75.5","(X)","80.4","(X)","87.1","(X)","99.8","(X)","89.0","(X)","96.1","(X)","87.8","(X)","97.3","(X)","95.2","(X)","88.3","(X)","95.6","(X)","92.8","(X)","84.4","(X)","82.4","(X)","103.6","(X)","85.7","(X)","71.3","(X)","72.4","(X)","77.3","(X)","80.5","(X)","81.9","(X)","94.1","(X)","89.4","(X)","98.8","(X)","87.9","(X)","93.0","(X)","102.9","(X)","82.2","(X)","96.0","(X)","104.0","(X)","91.9","(X)","90.6","(X)","86.8","(X)","91.8","(X)","96.2","(X)","88.5","(X)","105.8","(X)","98.1","(X)","98.5","(X)","89.2","(X)","98.0","(X)","79.1","(X)"
"        65 years and over","3,477,337","3,477,337","23,153","23,153","19,150","19,150","26,751","26,751","18,539","18,539","19,810","19,810","12,617","12,617","12,269","12,269","17,715","17,715","30,286","30,286","19,222","19,222","39,038","39,038","17,546","17,546","17,505","17,505","19,130","19,130","43,262","43,262","49,473","49,473","23,058","23,058","27,326","27,326","26,536","26,536","25,875","25,875","29,460","29,460","28,650","28,650","25,567","25,567","13,934","13,934","12,131","12,131","12,390","12,390","18,464","18,464","13,065","13,065","15,353","15,353","18,663","18,663","26,094","26,094","37,387","37,387","25,040","25,040","20,111","20,111","15,383","15,383","21,290","21,290","19,758","19,758","29,986","29,986","33,604","33,604","33,289","33,289","34,069","34,069","21,779","21,779","22,870","22,870","58,216","58,216","26,763","26,763","40,517","40,517","29,866","29,866","21,179","21,179","28,271","28,271","19,601","19,601","24,569","24,569","21,384","21,384","39,488","39,488","25,524","25,524","24,013","24,013"
"            Male","1,528,102","43.9%","10,022","43.3%","7,871","41.1%","10,311","38.5%","7,771","41.9%","7,942","40.1%","5,472","43.4%","5,531","45.1%","5,977","33.7%","12,357","40.8%","6,989","36.4%","15,425","39.5%","7,642","43.6%","6,778","38.7%","5,397","28.2%","19,156","44.3%","21,878","44.2%","10,337","44.8%","9,467","34.6%","13,011","49.0%","10,796","41.7%","12,986","44.1%","13,334","46.5%","10,530","41.2%","6,157","44.2%","4,399","36.3%","4,326","34.9%","7,464","40.4%","6,389","48.9%","5,999","39.1%","6,284","33.7%","8,983","34.4%","15,304","40.9%","10,176","40.6%","7,544","37.5%","7,028","45.7%","8,998","42.3%","9,573","48.5%","13,610","45.4%","14,364","42.7%","15,904","47.8%","14,521","42.6%","8,798","40.4%","10,451","45.7%","25,848","44.4%","11,811","44.1%","17,727","43.8%","13,932","46.6%","8,777","41.4%","12,444","44.0%","8,714","44.5%","10,409","42.4%","9,531","44.6%","16,148","40.9%","11,513","45.1%","9,272","38.6%"
"            Female","1,949,235","56.1%","13,131","56.7%","11,279","58.9%","16,440","61.5%","10,768","58.1%","11,868","59.9%","7,145","56.6%","6,738","54.9%","11,738","66.3%","17,929","59.2%","12,233","63.6%","23,613","60.5%","9,904","56.4%","10,727","61.3%","13,733","71.8%","24,106","55.7%","27,595","55.8%","12,721","55.2%","17,859","65.4%","13,525","51.0%","15,079","58.3%","16,474","55.9%","15,316","53.5%","15,037","58.8%","7,777","55.8%","7,732","63.7%","8,064","65.1%","11,000","59.6%","6,676","51.1%","9,354","60.9%","12,379","66.3%","17,111","65.6%","22,083","59.1%","14,864","59.4%","12,567","62.5%","8,355","54.3%","12,292","57.7%","10,185","51.5%","16,376","54.6%","19,240","57.3%","17,385","52.2%","19,548","57.4%","12,981","59.6%","12,419","54.3%","32,368","55.6%","14,952","55.9%","22,790","56.2%","15,934","53.4%","12,402","58.6%","15,827","56.0%","10,887","55.5%","14,160","57.6%","11,853","55.4%","23,340","59.1%","14,011","54.9%","14,741","61.4%"
"            Sex ratio (males per 100 females)","78.4","(X)","76.3","(X)","69.8","(X)","62.7","(X)","72.2","(X)","66.9","(X)","76.6","(X)","82.1","(X)","50.9","(X)","68.9","(X)","57.1","(X)","65.3","(X)","77.2","(X)","63.2","(X)","39.3","(X)","79.5","(X)","79.3","(X)","81.3","(X)","53.0","(X)","96.2","(X)","71.6","(X)","78.8","(X)","87.1","(X)","70.0","(X)","79.2","(X)","56.9","(X)","53.6","(X)","67.9","(X)","95.7","(X)","64.1","(X)","50.8","(X)","52.5","(X)","69.3","(X)","68.5","(X)","60.0","(X)","84.1","(X)","73.2","(X)","94.0","(X)","83.1","(X)","74.7","(X)","91.5","(X)","74.3","(X)","67.8","(X)","84.2","(X)","79.9","(X)","79.0","(X)","77.8","(X)","87.4","(X)","70.8","(X)","78.6","(X)","80.0","(X)","73.5","(X)","80.4","(X)","69.2","(X)","82.2","(X)","62.9","(X)"
"RACE","","","","","","","","","","","","","","","","","","","","","","","","","","","","","","","","","","","","","","","","","","","","","","","","","","","","","","","","","","","","","","","","","","","","","","","","","","","","","","","","","","","","","","","","","","","","","","","","","","","","","","","","","","","","","","","",""
"    Total population","19,835,913","19,835,913","109,361","109,361","134,899","134,899","124,141","124,141","137,755","137,755","175,532","175,532","130,407","130,407","130,157","130,157","145,325","145,325","177,815","177,815","159,556","159,556","216,768","216,768","118,426","118,426","128,792","128,792","123,582","123,582","207,429","207,429","197,826","197,826","151,924","151,924","144,396","144,396","141,066","141,066","146,667","146,667","169,906","169,906","138,438","138,438","185,150","185,150","159,580","159,580","114,694","114,694","137,061","137,061","147,130","147,130","117,511","117,511","138,614","138,614","123,956","123,956","178,925","178,925","196,219","196,219","139,133","139,133","109,967","109,967","134,945","134,945","111,952","111,952","172,253","172,253","173,007","173,007","159,185","159,185","206,519","206,519","120,401","120,401","156,981","156,981","153,743","153,743","242,765","242,765","121,130","121,130","206,394","206,394","163,732","163,732","137,364","137,364","126,028","126,028","149,487","149,487","168,184","168,184","143,841","143,841","270,688","270,688","156,106","156,106","134,700","134,700"
"        One race","17,715,708","89.3%","88,452","80.9%","125,003","92.7%","107,556","86.6%","122,080","88.6%","135,620","77.3%","112,172","86.0%","98,829","75.9%","111,469","76.7%","152,039","85.5%","131,810","82.6%","176,885","81.6%","94,933","80.2%","110,757","86.0%","102,959","83.3%","190,947","92.1%","178,698","90.3%","128,595","84.6%","129,067","89.4%","125,351","88.9%","133,185","90.8%","152,245","89.6%","125,725","90.8%","156,063","84.3%","137,708","86.3%","90,947","79.3%","116,898","85.3%","128,081","87.1%","101,975","86.8%","122,180","88.1%","108,195","87.3%","152,531","85.2%","176,381","89.9%","122,711","88.2%","98,392","89.5%","122,006","90.4%","101,905","91.0%","163,434","94.9%","152,288","88.0%","149,446","93.9%","191,197","92.6%","112,071","93.1%","134,116","85.4%","116,985","76.1%","224,217","92.4%","111,536","92.1%","191,440","92.8%","149,850","91.5%","119,087","86.7%","106,996","84.9%","116,378","77.9%","137,662","81.9%","118,618","82.5%","249,287","92.1%","128,076","82.0%","111,991","83.1%"
"        Two or more races","2,120,205","10.7%","20,909","19.1%","9,896","7.3%","16,585","13.4%","15,675","11.4%","39,912","22.7%","18,235","14.0%","31,328","24.1%","33,856","23.3%","25,776","14.5%","27,746","17.4%","39,883","18.4%","23,493","19.8%","18,035","14.0%","20,623","16.7%","16,482","7.9%","19,128","9.7%","23,329","15.4%","15,329","10.6%","15,715","11.1%","13,482","9.2%","17,661","10.4%","12,713","9.2%","29,087","15.7%","21,872","13.7%","23,747","20.7%","20,163","14.7%","19,049","12.9%","15,536","13.2%","16,434","11.9%","15,761","12.7%","26,394","14.8%","19,838","10.1%","16,422","11.8%","11,575","10.5%","12,939","9.6%","10,047","9.0%","8,819","5.1%","20,719","12.0%","9,739","6.1%","15,322","7.4%","8,330","6.9%","22,865","14.6%","36,758","23.9%","18,548","7.6%","9,594","7.9%","14,954","7.2%","13,882","8.5%","18,277","13.3%","19,032","15.1%","33,109","22.1%","30,522","18.1%","25,223","17.5%","21,401","7.9%","28,030","18.0%","22,709","16.9%"
"        One race","17,715,708","89.3%","88,452","80.9%","125,003","92.7%","107,556","86.6%","122,080","88.6%","135,620","77.3%","112,172","86.0%","98,829","75.9%","111,469","76.7%","152,039","85.5%","131,810","82.6%","176,885","81.6%","94,933","80.2%","110,757","86.0%","102,959","83.3%","190,947","92.1%","178,698","90.3%","128,595","84.6%","129,067","89.4%","125,351","88.9%","133,185","90.8%","152,245","89.6%","125,725","90.8%","156,063","84.3%","137,708","86.3%","90,947","79.3%","116,898","85.3%","128,081","87.1%","101,975","86.8%","122,180","88.1%","108,195","87.3%","152,531","85.2%","176,381","89.9%","122,711","88.2%","98,392","89.5%","122,006","90.4%","101,905","91.0%","163,434","94.9%","152,288","88.0%","149,446","93.9%","191,197","92.6%","112,071","93.1%","134,116","85.4%","116,985","76.1%","224,217","92.4%","111,536","92.1%","191,440","92.8%","149,850","91.5%","119,087","86.7%","106,996","84.9%","116,378","77.9%","137,662","81.9%","118,618","82.5%","249,287","92.1%","128,076","82.0%","111,991","83.1%"
"            White","11,022,836","55.6%","36,117","33.0%","14,485","10.7%","37,180","29.9%","30,811","22.4%","12,261","7.0%","8,809","6.8%","6,564","5.0%","9,220","6.3%","12,529","7.0%","14,319","9.0%","46,826","21.6%","32,282","27.3%","25,037","19.4%","23,267","18.8%","158,121","76.2%","127,987","64.7%","83,803","55.2%","96,226","66.6%","48,382","34.3%","98,372","67.1%","133,036","78.3%","88,158","63.7%","75,506","40.8%","99,110","62.1%","29,597","25.8%","47,284","34.5%","72,334","49.2%","76,430","65.0%","40,647","29.3%","4,392","3.5%","9,881","5.5%","41,091","20.9%","6,288","4.5%","28,975","26.3%","40,934","30.3%","59,616","53.3%","116,944","67.9%","70,714","40.9%","94,943","59.6%","81,180","39.3%","67,470","56.0%","81,998","52.2%","24,326","15.8%","69,830","28.8%","42,576","35.1%","20,411","9.9%","46,875","28.6%","14,546","10.6%","58,151","46.1%","46,702","31.2%","85,740","51.0%","31,217","21.7%","4,511","1.7%","32,751","21.0%","51,263","38.1%"
"            Black or African American","2,812,364","14.2%","15,332","14.0%","76,899","57.0%","37,762","30.4%","34,858","25.3%","57,082","32.5%","21,154","16.2%","39,724","30.5%","48,521","33.4%","52,602","29.6%","52,848","33.1%","25,315","11.7%","24,801","20.9%","59,388","46.1%","43,076","34.9%","6,947","3.3%","13,421","6.8%","13,062","8.6%","7,503","5.2%","15,973","11.3%","6,738","4.6%","565","0.3%","4,226","3.1%","42,725","23.1%","8,569","5.4%","19,575","17.1%","58,144","42.4%","31,497","21.4%","10,849","9.2%","62,763","45.3%","86,546","69.8%","86,115","48.1%","112,079","57.1%","109,579","78.8%","61,502","55.9%","5,698","4.2%","2,600","2.3%","5,989","3.5%","45,900","26.5%","8,782","5.5%","3,160","1.5%","13,896","11.5%","8,270","5.3%","10,126","6.6%","5,417","2.2%","2,134","1.8%","107,646","52.2%","19,330","11.8%","6,959","5.1%","5,154","4.1%","4,299","2.9%","3,988","2.4%","11,234","7.8%","150,485","55.6%","16,307","10.4%","42,525","31.6%"
"            American Indian and Alaska Native","119,692","0.6%","1,399","1.3%","586","0.4%","430","0.3%","581","0.4%","4,186","2.4%","8,431","6.5%","1,656","1.3%","1,532","1.1%","1,203","0.7%","2,534","1.6%","4,286","2.0%","1,688","1.4%","922","0.7%","73","0.1%","19","0.0%","0","0.0%","430","0.3%","209","0.1%","233","0.2%","54","0.0%","61","0.0%","0","0.0%","2,017","1.1%","2,692","1.7%","2,641","2.3%","646","0.5%","972","0.7%","470","0.4%","745","0.5%","1,245","1.0%","440","0.2%","808","0.4%","68","0.0%","46","0.0%","3,627","2.7%","2,980","2.7%","1,156","0.7%","1,407","0.8%","1,068","0.7%","3,440","1.7%","41","0.0%","1,495","1.0%","497","0.3%","1,793","0.7%","1,408","1.2%","335","0.2%","599","0.4%","1,256","0.9%","458","0.4%","438","0.3%","2,422","1.4%","2,473","1.7%","1,079","0.4%","2,747","1.8%","579","0.4%"
"                Cherokee tribal grouping","1,939","0.0%","N","N","N","N","N","N","N","N","N","N","N","N","N","N","N","N","N","N","N","N","N","N","N","N","N","N","N","N","N","N","N","N","N","N","N","N","N","N","N","N","N","N","N","N","N","N","N","N","N","N","N","N","N","N","N","N","N","N","N","N","N","N","N","N","N","N","N","N","N","N","N","N","N","N","N","N","N","N","N","N","N","N","N","N","N","N","N","N","N","N","N","N","N","N","N","N","N","N","N","N","N","N","N","N","N","N","N","N","N","N"
"                Chippewa tribal grouping","335","0.0%","N","N","N","N","N","N","N","N","N","N","N","N","N","N","N","N","N","N","N","N","N","N","N","N","N","N","N","N","N","N","N","N","N","N","N","N","N","N","N","N","N","N","N","N","N","N","N","N","N","N","N","N","N","N","N","N","N","N","N","N","N","N","N","N","N","N","N","N","N","N","N","N","N","N","N","N","N","N","N","N","N","N","N","N","N","N","N","N","N","N","N","N","N","N","N","N","N","N","N","N","N","N","N","N","N","N","N","N","N","N"
"                Navajo tribal grouping","919","0.0%","N","N","N","N","N","N","N","N","N","N","N","N","N","N","N","N","N","N","N","N","N","N","N","N","N","N","N","N","N","N","N","N","N","N","N","N","N","N","N","N","N","N","N","N","N","N","N","N","N","N","N","N","N","N","N","N","N","N","N","N","N","N","N","N","N","N","N","N","N","N","N","N","N","N","N","N","N","N","N","N","N","N","N","N","N","N","N","N","N","N","N","N","N","N","N","N","N","N","N","N","N","N","N","N","N","N","N","N","N","N"
"                Sioux tribal grouping","0","0.0%","N","N","N","N","N","N","N","N","N","N","N","N","N","N","N","N","N","N","N","N","N","N","N","N","N","N","N","N","N","N","N","N","N","N","N","N","N","N","N","N","N","N","N","N","N","N","N","N","N","N","N","N","N","N","N","N","N","N","N","N","N","N","N","N","N","N","N","N","N","N","N","N","N","N","N","N","N","N","N","N","N","N","N","N","N","N","N","N","N","N","N","N","N","N","N","N","N","N","N","N","N","N","N","N","N","N","N","N","N","N"
"            Asian","1,727,826","8.7%","5,826","5.3%","2,584","1.9%","5,215","4.2%","12,680","9.2%","1,163","0.7%","6,821","5.2%","470","0.4%","3,110","2.1%","14,946","8.4%","2,016","1.3%","5,888","2.7%","12,116","10.2%","4,995","3.9%","11,967","9.7%","19,499","9.4%","21,728","11.0%","25,534","16.8%","20,799","14.4%","39,838","28.2%","24,538","16.7%","11,031","6.5%","26,918","19.4%","18,602","10.0%","12,120","7.6%","9,525","8.3%","4,113","3.0%","18,120","12.3%","9,000","7.7%","7,116","5.1%","2,138","1.7%","13,242","7.4%","12,312","6.3%","3,251","2.3%","3,083","2.8%","36,201","26.8%","24,263","21.7%","21,359","12.4%","16,932","9.8%","33,152","20.8%","75,693","36.7%","18,744","15.6%","23,986","15.3%","30,638","19.9%","127,740","52.6%","57,772","47.7%","37,803","18.3%","55,493","33.9%","43,618","31.8%","32,764","26.0%","54,034","36.1%","16,495","9.8%","33,508","23.3%","44,021","16.3%","38,420","24.6%","2,850","2.1%"
"                Asian Indian","369,127","1.9%","606","0.6%","N","N","N","N","4,166","3.0%","N","N","N","N","N","N","N","N","N","N","N","N","1,591","0.7%","2,872","2.4%","1,264","1.0%","3,482","2.8%","6,898","3.3%","4,196","2.1%","4,490","3.0%","4,130","2.9%","3,515","2.5%","3,830","2.6%","1,200","0.7%","4,209","3.0%","1,010","0.5%","1,953","1.2%","815","0.7%","987","0.7%","2,894","2.0%","1,860","1.6%","2,958","2.1%","N","N","N","N","2,286","1.2%","1,071","0.8%","N","N","736","0.5%","1,147","1.0%","1,667","1.0%","1,555","0.9%","1,160","0.7%","733","0.4%","N","N","4,665","3.0%","7,174","4.7%","3,696","1.5%","2,762","2.3%","20,183","9.8%","8,920","5.4%","3,012","2.2%","5,789","4.6%","6,490","4.3%","1,225","0.7%","14,179","9.9%","14,569","5.4%","31,107","19.9%","N","N"
"                Chinese","702,215","3.5%","789","0.7%","N","N","N","N","1,260","0.9%","N","N","N","N","N","N","N","N","N","N","N","N","991","0.5%","6,541","5.5%","1,762","1.4%","5,164","4.2%","5,638","2.7%","10,034","5.1%","8,845","5.8%","7,992","5.5%","31,517","22.3%","13,676","9.3%","7,293","4.3%","16,178","11.7%","6,545","3.5%","6,618","4.1%","2,578","2.2%","1,386","1.0%","9,715","6.6%","2,951","2.5%","1,809","1.3%","N","N","N","N","4,997","2.5%","564","0.4%","N","N","32,757","24.3%","19,436","17.4%","10,016","5.8%","4,995","2.9%","23,101","14.5%","60,075","29.1%","N","N","4,127","2.6%","10,135","6.6%","96,969","39.9%","38,951","32.2%","6,028","2.9%","22,949","14.0%","16,975","12.4%","15,177","12.0%","17,141","11.5%","7,117","4.2%","7,953","5.5%","958","0.4%","1,560","1.0%","N","N"
"                Filipino","117,062","0.6%","993","0.9%","N","N","N","N","831","0.6%","N","N","N","N","N","N","N","N","N","N","N","N","647","0.3%","575","0.5%","365","0.3%","1,173","0.9%","643","0.3%","1,785","0.9%","2,197","1.4%","1,268","0.9%","498","0.4%","78","0.1%","353","0.2%","983","0.7%","1,212","0.7%","845","0.5%","3,068","2.7%","407","0.3%","756","0.5%","806","0.7%","248","0.2%","N","N","N","N","881","0.4%","695","0.5%","N","N","797","0.6%","998","0.9%","311","0.2%","243","0.1%","988","0.6%","320","0.2%","N","N","3,147","2.0%","1,738","1.1%","2,320","1.0%","888","0.7%","3,222","1.6%","4,573","2.8%","5,751","4.2%","2,028","1.6%","5,778","3.9%","2,410","1.4%","4,073","2.8%","2,133","0.8%","1,718","1.1%","N","N"
"                Japanese","35,687","0.2%","410","0.4%","N","N","N","N","0","0.0%","N","N","N","N","N","N","N","N","N","N","N","N","202","0.1%","429","0.4%","252","0.2%","367","0.3%","2,140","1.0%","1,422","0.7%","2,892","1.9%","2,553","1.8%","747","0.5%","1,124","0.8%","0","0.0%","0","0.0%","476","0.3%","667","0.4%","694","0.6%","332","0.2%","891","0.6%","835","0.7%","261","0.2%","N","N","N","N","24","0.0%","81","0.1%","N","N","237","0.2%","142","0.1%","164","0.1%","116","0.1%","0","0.0%","0","0.0%","N","N","1,055","0.7%","278","0.2%","374","0.2%","90","0.1%","0","0.0%","407","0.2%","120","0.1%","2,243","1.8%","1,283","0.9%","92","0.1%","0","0.0%","52","0.0%","43","0.0%","N","N"
"                Korean","116,359","0.6%","1,085","1.0%","N","N","N","N","15","0.0%","N","N","N","N","N","N","N","N","N","N","N","N","347","0.2%","689","0.6%","517","0.4%","525","0.4%","1,738","0.8%","1,617","0.8%","3,741","2.5%","3,167","2.2%","1,265","0.9%","4,132","2.8%","485","0.3%","1,566","1.1%","369","0.2%","784","0.5%","1,146","1.0%","155","0.1%","1,155","0.8%","1,685","1.4%","535","0.4%","N","N","N","N","221","0.1%","74","0.1%","N","N","329","0.2%","820","0.7%","360","0.2%","483","0.3%","609","0.4%","185","0.1%","N","N","2,470","1.6%","2,238","1.5%","16,119","6.6%","11,912","9.8%","849","0.4%","4,806","2.9%","1,442","1.0%","1,757","1.4%","4,217","2.8%","1,045","0.6%","187","0.1%","275","0.1%","0","0.0%","N","N"
"                Vietnamese","30,808","0.2%","1,253","1.1%","N","N","N","N","2,596","1.9%","N","N","N","N","N","N","N","N","N","N","N","N","44","0.0%","28","0.0%","197","0.2%","0","0.0%","282","0.1%","416","0.2%","774","0.5%","435","0.3%","973","0.7%","91","0.1%","22","0.0%","270","0.2%","148","0.1%","202","0.1%","257","0.2%","52","0.0%","621","0.4%","96","0.1%","387","0.3%","N","N","N","N","170","0.1%","0","0.0%","N","N","384","0.3%","182","0.2%","27","0.0%","0","0.0%","772","0.5%","963","0.5%","N","N","763","0.5%","95","0.1%","1,227","0.5%","455","0.4%","438","0.2%","60","0.0%","42","0.0%","196","0.2%","400","0.3%","520","0.3%","551","0.4%","0","0.0%","0","0.0%","N","N"
"                Other Asian","356,568","1.8%","690","0.6%","N","N","N","N","3,812","2.8%","N","N","N","N","N","N","N","N","N","N","N","N","2,066","1.0%","982","0.8%","638","0.5%","1,256","1.0%","2,160","1.0%","2,258","1.1%","2,595","1.7%","1,254","0.9%","1,323","0.9%","1,607","1.1%","1,678","1.0%","3,712","2.7%","8,842","4.8%","1,051","0.7%","967","0.8%","794","0.6%","2,088","1.4%","767","0.7%","918","0.7%","N","N","N","N","3,733","1.9%","766","0.6%","N","N","961","0.7%","1,538","1.4%","8,814","5.1%","9,540","5.5%","6,522","4.1%","13,417","6.5%","N","N","7,759","4.9%","8,980","5.8%","7,035","2.9%","2,714","2.2%","7,083","3.4%","13,778","8.4%","16,276","11.8%","5,574","4.4%","18,725","12.5%","4,086","2.4%","6,565","4.6%","26,034","9.6%","3,992","2.6%","N","N"
"            Native Hawaiian and Other Pacific Islander","9,815","0.0%","0","0.0%","0","0.0%","944","0.8%","0","0.0%","0","0.0%","324","0.2%","796","0.6%","194","0.1%","0","0.0%","0","0.0%","26","0.0%","0","0.0%","0","0.0%","184","0.1%","130","0.1%","0","0.0%","416","0.3%","0","0.0%","90","0.1%","0","0.0%","0","0.0%","484","0.3%","0","0.0%","0","0.0%","0","0.0%","0","0.0%","0","0.0%","0","0.0%","0","0.0%","0","0.0%","1,005","0.6%","0","0.0%","88","0.1%","0","0.0%","0","0.0%","0","0.0%","0","0.0%","0","0.0%","0","0.0%","0","0.0%","0","0.0%","0","0.0%","914","0.6%","241","0.1%","0","0.0%","0","0.0%","0","0.0%","0","0.0%","412","0.3%","0","0.0%","0","0.0%","204","0.1%","0","0.0%","0","0.0%","0","0.0%"
"                Native Hawaiian","2,680","0.0%","N","N","N","N","N","N","N","N","N","N","N","N","N","N","N","N","N","N","N","N","N","N","N","N","N","N","N","N","N","N","N","N","N","N","N","N","N","N","N","N","N","N","N","N","N","N","N","N","N","N","N","N","N","N","N","N","N","N","N","N","N","N","N","N","N","N","N","N","N","N","N","N","N","N","N","N","N","N","N","N","N","N","N","N","N","N","N","N","N","N","N","N","N","N","N","N","N","N","N","N","N","N","N","N","N","N","N","N","N","N"
"                Chamorro","1,457","0.0%","N","N","N","N","N","N","N","N","N","N","N","N","N","N","N","N","N","N","N","N","N","N","N","N","N","N","N","N","N","N","N","N","N","N","N","N","N","N","N","N","N","N","N","N","N","N","N","N","N","N","N","N","N","N","N","N","N","N","N","N","N","N","N","N","N","N","N","N","N","N","N","N","N","N","N","N","N","N","N","N","N","N","N","N","N","N","N","N","N","N","N","N","N","N","N","N","N","N","N","N","N","N","N","N","N","N","N","N","N","N"
"                Samoan","841","0.0%","N","N","N","N","N","N","N","N","N","N","N","N","N","N","N","N","N","N","N","N","N","N","N","N","N","N","N","N","N","N","N","N","N","N","N","N","N","N","N","N","N","N","N","N","N","N","N","N","N","N","N","N","N","N","N","N","N","N","N","N","N","N","N","N","N","N","N","N","N","N","N","N","N","N","N","N","N","N","N","N","N","N","N","N","N","N","N","N","N","N","N","N","N","N","N","N","N","N","N","N","N","N","N","N","N","N","N","N","N","N"
"                Other Pacific Islander","4,837","0.0%","N","N","N","N","N","N","N","N","N","N","N","N","N","N","N","N","N","N","N","N","N","N","N","N","N","N","N","N","N","N","N","N","N","N","N","N","N","N","N","N","N","N","N","N","N","N","N","N","N","N","N","N","N","N","N","N","N","N","N","N","N","N","N","N","N","N","N","N","N","N","N","N","N","N","N","N","N","N","N","N","N","N","N","N","N","N","N","N","N","N","N","N","N","N","N","N","N","N","N","N","N","N","N","N","N","N","N","N","N","N"
"            Some other race","2,023,175","10.2%","29,778","27.2%","30,449","22.6%","26,025","21.0%","43,150","31.3%","60,928","34.7%","66,633","51.1%","49,619","38.1%","48,892","33.6%","70,759","39.8%","60,093","37.7%","94,544","43.6%","24,046","20.3%","20,415","15.9%","24,392","19.7%","6,231","3.0%","15,562","7.9%","5,350","3.5%","4,330","3.0%","20,835","14.8%","3,483","2.4%","7,552","4.4%","5,939","4.3%","17,213","9.3%","15,217","9.5%","29,609","25.8%","6,711","4.9%","5,158","3.5%","5,226","4.4%","10,909","7.9%","13,874","11.2%","41,848","23.4%","10,091","5.1%","3,437","2.5%","4,786","4.4%","35,546","26.3%","12,446","11.1%","17,986","10.4%","17,335","10.0%","11,501","7.2%","27,724","13.4%","11,920","9.9%","18,367","11.7%","50,484","32.8%","19,196","7.9%","7,646","6.3%","25,245","12.2%","27,553","16.8%","52,708","38.4%","10,057","8.0%","10,905","7.3%","29,017","17.3%","39,982","27.8%","49,191","18.2%","37,851","24.2%","14,774","11.0%"
"        Two or more races","2,120,205","10.7%","20,909","19.1%","9,896","7.3%","16,585","13.4%","15,675","11.4%","39,912","22.7%","18,235","14.0%","31,328","24.1%","33,856","23.3%","25,776","14.5%","27,746","17.4%","39,883","18.4%","23,493","19.8%","18,035","14.0%","20,623","16.7%","16,482","7.9%","19,128","9.7%","23,329","15.4%","15,329","10.6%","15,715","11.1%","13,482","9.2%","17,661","10.4%","12,713","9.2%","29,087","15.7%","21,872","13.7%","23,747","20.7%","20,163","14.7%","19,049","12.9%","15,536","13.2%","16,434","11.9%","15,761","12.7%","26,394","14.8%","19,838","10.1%","16,422","11.8%","11,575","10.5%","12,939","9.6%","10,047","9.0%","8,819","5.1%","20,719","12.0%","9,739","6.1%","15,322","7.4%","8,330","6.9%","22,865","14.6%","36,758","23.9%","18,548","7.6%","9,594","7.9%","14,954","7.2%","13,882","8.5%","18,277","13.3%","19,032","15.1%","33,109","22.1%","30,522","18.1%","25,223","17.5%","21,401","7.9%","28,030","18.0%","22,709","16.9%"
"            White and Black or African American","196,539","1.0%","1,556","1.4%","698","0.5%","1,749","1.4%","1,064","0.8%","481","0.3%","899","0.7%","1,551","1.2%","3,427","2.4%","670","0.4%","1,351","0.8%","3,123","1.4%","1,588","1.3%","2,727","2.1%","862","0.7%","1,218","0.6%","2,449","1.2%","516","0.3%","1,676","1.2%","1,478","1.0%","828","0.6%","N","N","443","0.3%","3,899","2.1%","2,789","1.7%","1,363","1.2%","1,559","1.1%","1,063","0.7%","1,326","1.1%","2,982","2.2%","N","N","1,831","1.0%","2,384","1.2%","N","N","1,514","1.4%","957","0.7%","2,179","1.9%","226","0.1%","2,391","1.4%","542","0.3%","1,326","0.6%","N","N","1,503","1.0%","548","0.4%","1,043","0.4%","255","0.2%","1,072","0.5%","1,389","0.8%","N","N","871","0.7%","462","0.3%","805","0.5%","420","0.3%","2,203","0.8%","453","0.3%","908","0.7%"
"            White and American Indian and Alaska Native","85,358","0.4%","168","0.2%","59","0.0%","230","0.2%","158","0.1%","758","0.4%","136","0.1%","6","0.0%","223","0.2%","108","0.1%","143","0.1%","290","0.1%","188","0.2%","468","0.4%","1,462","1.2%","718","0.3%","213","0.1%","388","0.3%","382","0.3%","453","0.3%","173","0.1%","N","N","86","0.1%","586","0.3%","772","0.5%","200","0.2%","632","0.5%","330","0.2%","264","0.2%","427","0.3%","N","N","0","0.0%","235","0.1%","N","N","52","0.0%","314","0.2%","329","0.3%","88","0.1%","925","0.5%","0","0.0%","575","0.3%","N","N","491","0.3%","275","0.2%","645","0.3%","80","0.1%","694","0.3%","129","0.1%","N","N","336","0.3%","239","0.2%","835","0.5%","617","0.4%","0","0.0%","271","0.2%","193","0.1%"
"            White and Asian","147,628","0.7%","944","0.9%","229","0.2%","379","0.3%","1,470","1.1%","49","0.0%","82","0.1%","101","0.1%","0","0.0%","1,432","0.8%","27","0.0%","648","0.3%","1,214","1.0%","2,043","1.6%","1,086","0.9%","2,837","1.4%","2,515","1.3%","3,869","2.5%","4,138","2.9%","1,150","0.8%","3,321","2.3%","N","N","1,393","1.0%","1,102","0.6%","2,744","1.7%","1,094","1.0%","1,004","0.7%","4,033","2.7%","2,527","2.2%","1,246","0.9%","N","N","706","0.4%","861","0.4%","N","N","443","0.4%","671","0.5%","296","0.3%","2,001","1.2%","2,212","1.3%","3,497","2.2%","2,706","1.3%","N","N","1,680","1.1%","259","0.2%","1,620","0.7%","1,352","1.1%","430","0.2%","985","0.6%","N","N","4,646","3.7%","1,833","1.2%","1,653","1.0%","1,061","0.7%","561","0.2%","911","0.6%","26","0.0%"
"            Black or African American and American Indian and Alaska Native","31,006","0.2%","542","0.5%","50","0.0%","233","0.2%","389","0.3%","1,057","0.6%","0","0.0%","165","0.1%","742","0.5%","760","0.4%","2,308","1.4%","463","0.2%","555","0.5%","488","0.4%","1,060","0.9%","0","0.0%","0","0.0%","75","0.0%","0","0.0%","0","0.0%","0","0.0%","N","N","0","0.0%","329","0.2%","0","0.0%","673","0.6%","1,266","0.9%","84","0.1%","0","0.0%","0","0.0%","N","N","55","0.0%","50","0.0%","N","N","660","0.6%","0","0.0%","101","0.1%","0","0.0%","231","0.1%","0","0.0%","71","0.0%","N","N","163","0.1%","196","0.1%","0","0.0%","0","0.0%","33","0.0%","0","0.0%","N","N","127","0.1%","0","0.0%","0","0.0%","176","0.1%","787","0.3%","59","0.0%","72","0.1%"
"Race alone or in combination with one or more other races","","","","","","","","","","","","","","","","","","","","","","","","","","","","","","","","","","","","","","","","","","","","","","","","","","","","","","","","","","","","","","","","","","","","","","","","","","","","","","","","","","","","","","","","","","","","","","","","","","","","","","","","","","","","","","","",""
"    Total population","19,835,913","19,835,913","109,361","109,361","134,899","134,899","124,141","124,141","137,755","137,755","175,532","175,532","130,407","130,407","130,157","130,157","145,325","145,325","177,815","177,815","159,556","159,556","216,768","216,768","118,426","118,426","128,792","128,792","123,582","123,582","207,429","207,429","197,826","197,826","151,924","151,924","144,396","144,396","141,066","141,066","146,667","146,667","169,906","169,906","138,438","138,438","185,150","185,150","159,580","159,580","114,694","114,694","137,061","137,061","147,130","147,130","117,511","117,511","138,614","138,614","123,956","123,956","178,925","178,925","196,219","196,219","139,133","139,133","109,967","109,967","134,945","134,945","111,952","111,952","172,253","172,253","173,007","173,007","159,185","159,185","206,519","206,519","120,401","120,401","156,981","156,981","153,743","153,743","242,765","242,765","121,130","121,130","206,394","206,394","163,732","163,732","137,364","137,364","126,028","126,028","149,487","149,487","168,184","168,184","143,841","143,841","270,688","270,688","156,106","156,106","134,700","134,700"
"        White","12,699,572","64.0%","50,982","46.6%","19,981","14.8%","48,597","39.1%","40,511","29.4%","30,360","17.3%","17,347","13.3%","20,961","16.1%","30,742","21.2%","27,934","15.7%","29,778","18.7%","74,193","34.2%","46,811","39.5%","35,183","27.3%","37,681","30.5%","174,360","84.1%","145,270","73.4%","104,128","68.5%","111,040","76.9%","62,182","44.1%","110,606","75.4%","150,505","88.6%","99,099","71.6%","100,363","54.2%","118,984","74.6%","48,618","42.4%","57,742","42.1%","88,219","60.0%","90,754","77.2%","50,662","36.5%","11,101","9.0%","21,546","12.0%","48,261","24.6%","9,292","6.7%","33,452","30.4%","52,671","39.0%","67,864","60.6%","123,648","71.8%","81,020","46.8%","103,998","65.3%","93,430","45.2%","72,498","60.2%","101,452","64.6%","53,217","34.6%","86,873","35.8%","50,822","42.0%","29,758","14.4%","57,829","35.3%","25,898","18.9%","76,247","60.5%","78,829","52.7%","114,130","67.9%","50,291","35.0%","12,883","4.8%","50,957","32.6%","68,899","51.1%"
"        Black or African American","3,488,324","17.6%","24,692","22.6%","81,320","60.3%","45,335","36.5%","41,567","30.2%","80,911","46.1%","30,527","23.4%","63,184","48.5%","68,323","47.0%","64,756","36.4%","67,030","42.0%","42,692","19.7%","35,346","29.8%","70,736","54.9%","50,147","40.6%","8,285","4.0%","18,136","9.2%","17,829","11.7%","9,980","6.9%","21,090","15.0%","8,750","6.0%","1,560","0.9%","6,732","4.9%","50,440","27.2%","14,739","9.2%","26,395","23.0%","69,178","50.5%","36,322","24.7%","13,987","11.9%","72,280","52.1%","96,796","78.1%","102,017","57.0%","126,898","64.7%","124,540","89.5%","70,302","63.9%","7,669","5.7%","5,710","5.1%","7,717","4.5%","58,526","33.8%","10,325","6.5%","8,571","4.2%","18,454","15.3%","13,924","8.9%","16,367","10.6%","7,437","3.1%","2,716","2.2%","112,494","54.5%","23,611","14.4%","12,469","9.1%","6,998","5.6%","6,083","4.1%","7,636","4.5%","17,416","12.1%","164,185","60.7%","20,333","13.0%","50,168","37.2%"
"        American Indian and Alaska Native","353,795","1.8%","3,808","3.5%","852","0.6%","1,654","1.3%","1,277","0.9%","10,893","6.2%","11,008","8.4%","6,842","5.3%","9,047","6.2%","3,563","2.0%","8,014","5.0%","8,147","3.8%","4,336","3.7%","2,193","1.7%","3,632","2.9%","831","0.4%","1,137","0.6%","1,325","0.9%","690","0.5%","845","0.6%","872","0.6%","N","N","379","0.3%","5,154","2.8%","5,308","3.3%","6,792","5.9%","3,779","2.8%","1,820","1.2%","2,200","1.9%","1,704","1.2%","2,960","2.4%","1,664","0.9%","1,194","0.6%","508","0.4%","946","0.9%","5,198","3.9%","4,201","3.8%","1,813","1.1%","2,650","1.5%","N","N","4,574","2.2%","836","0.7%","4,048","2.6%","5,305","3.5%","4,329","1.8%","2,098","1.7%","1,700","0.8%","782","0.5%","2,606","1.9%","1,347","1.1%","1,069","0.7%","4,871","2.9%","4,028","2.8%","2,311","0.9%","4,732","3.0%","2,270","1.7%"
"        Asian","1,967,535","9.9%","7,844","7.2%","3,456","2.6%","6,706","5.4%","15,182","11.0%","1,914","1.1%","7,638","5.9%","1,929","1.5%","3,899","2.7%","18,136","10.2%","2,496","1.6%","6,746","3.1%","14,864","12.6%","7,656","5.9%","13,747","11.1%","22,647","10.9%","25,613","12.9%","29,638","19.5%","25,066","17.4%","41,461","29.4%","28,727","19.6%","14,825","8.7%","28,929","20.9%","20,205","10.9%","15,386","9.6%","11,624","10.1%","5,674","4.1%","23,116","15.7%","12,241","10.4%","9,048","6.5%","4,695","3.8%","15,155","8.5%","14,093","7.2%","5,149","3.7%","3,817","3.5%","38,428","28.5%","25,240","22.5%","25,174","14.6%","20,232","11.7%","36,925","23.2%","79,151","38.3%","20,350","16.9%","26,361","16.8%","32,707","21.3%","130,073","53.6%","60,152","49.7%","41,270","20.0%","58,027","35.4%","45,074","32.8%","38,192","30.3%","57,004","38.1%","18,448","11.0%","37,135","25.8%","46,324","17.1%","45,952","29.4%","3,529","2.6%"
"        Native Hawaiian and Other Pacific Islander","32,934","0.2%","N","N","N","N","N","N","N","N","N","N","474","0.4%","N","N","N","N","329","0.2%","N","N","N","N","N","N","N","N","N","N","349","0.2%","N","N","758","0.5%","N","N","N","N","N","N","N","N","N","N","N","N","N","N","N","N","738","0.5%","N","N","N","N","N","N","N","N","1,090","0.6%","N","N","N","N","N","N","N","N","N","N","N","N","N","N","N","N","N","N","N","N","N","N","N","N","N","N","N","N","N","N","N","N","N","N","N","N","N","N","N","N","N","N","N","N","2,216","1.4%","N","N"
"        Some other race","3,606,852","18.2%","47,015","43.0%","39,198","29.1%","39,151","31.5%","55,670","40.4%","97,884","55.8%","83,359","63.9%","77,569","59.6%","77,966","53.6%","91,770","51.6%","83,516","52.3%","129,527","59.8%","42,608","36.0%","32,322","25.1%","39,835","32.2%","17,658","8.5%","27,737","14.0%","23,315","15.3%","13,235","9.2%","32,880","23.3%","12,005","8.2%","21,028","12.4%","16,035","11.6%","40,027","21.6%","29,340","18.4%","49,315","43.0%","21,595","15.8%","17,663","12.0%","15,955","13.6%","21,989","15.9%","25,505","20.6%","64,793","36.2%","25,913","13.2%","16,570","11.9%","13,213","12.0%","45,994","34.1%","19,521","17.4%","24,299","14.1%","31,570","18.2%","16,795","10.6%","37,655","18.2%","17,195","14.3%","36,799","23.4%","84,062","54.7%","33,778","13.9%","15,007","12.4%","36,968","17.9%","37,852","23.1%","69,258","50.4%","22,812","18.1%","41,023","27.4%","55,876","33.2%","61,052","42.4%","65,644","24.3%","63,852","40.9%","35,502","26.4%"
"HISPANIC OR LATINO AND RACE","","","","","","","","","","","","","","","","","","","","","","","","","","","","","","","","","","","","","","","","","","","","","","","","","","","","","","","","","","","","","","","","","","","","","","","","","","","","","","","","","","","","","","","","","","","","","","","","","","","","","","","","","","","","","","","",""
"    Total population","19,835,913","19,835,913","109,361","109,361","134,899","134,899","124,141","124,141","137,755","137,755","175,532","175,532","130,407","130,407","130,157","130,157","145,325","145,325","177,815","177,815","159,556","159,556","216,768","216,768","118,426","118,426","128,792","128,792","123,582","123,582","207,429","207,429","197,826","197,826","151,924","151,924","144,396","144,396","141,066","141,066","146,667","146,667","169,906","169,906","138,438","138,438","185,150","185,150","159,580","159,580","114,694","114,694","137,061","137,061","147,130","147,130","117,511","117,511","138,614","138,614","123,956","123,956","178,925","178,925","196,219","196,219","139,133","139,133","109,967","109,967","134,945","134,945","111,952","111,952","172,253","172,253","173,007","173,007","159,185","159,185","206,519","206,519","120,401","120,401","156,981","156,981","153,743","153,743","242,765","242,765","121,130","121,130","206,394","206,394","163,732","163,732","137,364","137,364","126,028","126,028","149,487","149,487","168,184","168,184","143,841","143,841","270,688","270,688","156,106","156,106","134,700","134,700"
"        Hispanic or Latino (of any race)","3,864,337","19.5%","55,681","50.9%","42,910","31.8%","50,493","40.7%","65,290","47.4%","107,637","61.3%","95,294","73.1%","86,956","66.8%","89,407","61.5%","106,017","59.6%","104,437","65.5%","147,292","67.9%","47,170","39.8%","34,833","27.0%","53,172","43.0%","20,137","9.7%","27,353","13.8%","26,452","17.4%","11,646","8.1%","35,324","25.0%","12,323","8.4%","22,101","13.0%","20,547","14.8%","49,432","26.7%","35,392","22.2%","54,619","47.6%","23,201","16.9%","17,864","12.1%","19,051","16.2%","20,790","15.0%","25,956","20.9%","61,303","34.3%","18,071","9.2%","5,695","4.1%","10,957","10.0%","50,864","37.7%","25,465","22.7%","18,588","10.8%","30,095","17.4%","18,409","11.6%","40,850","19.8%","19,627","16.3%","43,790","27.9%","96,273","62.6%","38,917","16.0%","16,219","13.4%","29,193","14.1%","33,852","20.7%","76,440","55.6%","27,075","21.5%","44,210","29.6%","62,627","37.2%","60,443","42.0%","42,907","15.9%","44,854","28.7%","38,619","28.7%"
"            Mexican","469,828","2.4%","3,201","2.9%","2,921","2.2%","2,243","1.8%","7,151","5.2%","12,164","6.9%","14,518","11.1%","5,813","4.5%","9,512","6.5%","6,333","3.6%","15,017","9.4%","4,742","2.2%","3,544","3.0%","3,406","2.6%","5,500","4.5%","3,581","1.7%","3,578","1.8%","1,635","1.1%","1,237","0.9%","2,867","2.0%","1,681","1.1%","2,988","1.8%","3,733","2.7%","11,619","6.3%","4,527","2.8%","12,641","11.0%","3,107","2.3%","2,500","1.7%","4,814","4.1%","2,769","2.0%","603","0.5%","3,751","2.1%","1,850","0.9%","685","0.5%","641","0.6%","22,769","16.9%","5,928","5.3%","5,301","3.1%","7,955","4.6%","8,642","5.4%","13,411","6.5%","5,616","4.7%","11,903","7.6%","18,526","12.0%","5,051","2.1%","659","0.5%","657","0.3%","2,374","1.4%","20,083","14.6%","1,689","1.3%","8,689","5.8%","7,329","4.4%","9,463","6.6%","1,392","0.5%","2,268","1.5%","978","0.7%"
"            Puerto Rican","1,008,909","5.1%","8,866","8.1%","13,389","9.9%","23,323","18.8%","24,054","17.5%","36,357","20.7%","22,590","17.3%","13,626","10.5%","15,811","10.9%","42,940","24.1%","41,523","26.0%","8,182","3.8%","8,347","7.0%","9,038","7.0%","23,422","19.0%","5,683","2.7%","8,955","4.5%","9,395","6.2%","2,282","1.6%","18,414","13.1%","2,290","1.6%","9,190","5.4%","7,436","5.4%","19,575","10.6%","11,140","7.0%","15,719","13.7%","8,758","6.4%","5,068","3.4%","5,149","4.4%","4,296","3.1%","9,037","7.3%","16,489","9.2%","6,243","3.2%","1,109","0.8%","2,161","2.0%","7,383","5.5%","8,223","7.3%","3,421","2.0%","8,839","5.1%","4,748","3.0%","4,742","2.3%","7,740","6.4%","5,862","3.7%","2,276","1.5%","4,797","2.0%","2,969","2.5%","7,588","3.7%","5,185","3.2%","1,279","0.9%","4,163","3.3%","3,668","2.5%","13,907","8.3%","8,734","6.1%","5,274","1.9%","10,939","7.0%","7,186","5.3%"
"            Cuban","83,771","0.4%","942","0.9%","1,383","1.0%","1,157","0.9%","1,486","1.1%","2,634","1.5%","638","0.5%","270","0.2%","794","0.5%","628","0.4%","126","0.1%","5,226","2.4%","416","0.4%","143","0.1%","1,361","1.1%","1,055","0.5%","571","0.3%","1,395","0.9%","335","0.2%","198","0.1%","568","0.4%","1,100","0.6%","655","0.5%","963","0.5%","663","0.4%","928","0.8%","214","0.2%","559","0.4%","622","0.5%","1,052","0.8%","142","0.1%","451","0.3%","190","0.1%","259","0.2%","516","0.5%","282","0.2%","780","0.7%","759","0.4%","1,003","0.6%","232","0.1%","51","0.0%","309","0.3%","1,234","0.8%","1,254","0.8%","708","0.3%","823","0.7%","353","0.2%","331","0.2%","382","0.3%","1,606","1.3%","1,185","0.8%","855","0.5%","728","0.5%","401","0.1%","0","0.0%","326","0.2%"
"            Other Hispanic or Latino","2,301,829","11.6%","42,672","39.0%","25,217","18.7%","23,770","19.1%","32,599","23.7%","56,482","32.2%","57,548","44.1%","67,247","51.7%","63,290","43.6%","56,116","31.6%","47,771","29.9%","129,142","59.6%","34,863","29.4%","22,246","17.3%","22,889","18.5%","9,818","4.7%","14,249","7.2%","14,027","9.2%","7,792","5.4%","13,845","9.8%","7,784","5.3%","8,823","5.2%","8,723","6.3%","17,275","9.3%","19,062","11.9%","25,331","22.1%","11,122","8.1%","9,737","6.6%","8,466","7.2%","12,673","9.1%","16,174","13.0%","40,612","22.7%","9,788","5.0%","3,642","2.6%","7,639","6.9%","20,430","15.1%","10,534","9.4%","9,107","5.3%","12,298","7.1%","4,787","3.0%","22,646","11.0%","5,962","5.0%","24,791","15.8%","74,217","48.3%","28,361","11.7%","11,768","9.7%","20,595","10.0%","25,962","15.9%","54,696","39.8%","19,617","15.6%","30,668","20.5%","40,536","24.1%","41,518","28.9%","35,840","13.2%","31,647","20.3%","30,129","22.4%"
"        Not Hispanic or Latino","15,971,576","80.5%","53,680","49.1%","91,989","68.2%","73,648","59.3%","72,465","52.6%","67,895","38.7%","35,113","26.9%","43,201","33.2%","55,918","38.5%","71,798","40.4%","55,119","34.5%","69,476","32.1%","71,256","60.2%","93,959","73.0%","70,410","57.0%","187,292","90.3%","170,473","86.2%","125,472","82.6%","132,750","91.9%","105,742","75.0%","134,344","91.6%","147,805","87.0%","117,891","85.2%","135,718","73.3%","124,188","77.8%","60,075","52.4%","113,860","83.1%","129,266","87.9%","98,460","83.8%","117,824","85.0%","98,000","79.1%","117,622","65.7%","178,148","90.8%","133,438","95.9%","99,010","90.0%","84,081","62.3%","86,487","77.3%","153,665","89.2%","142,912","82.6%","140,776","88.4%","165,669","80.2%","100,774","83.7%","113,191","72.1%","57,470","37.4%","203,848","84.0%","104,911","86.6%","177,201","85.9%","129,880","79.3%","60,924","44.4%","98,953","78.5%","105,277","70.4%","105,557","62.8%","83,398","58.0%","227,781","84.1%","111,252","71.3%","96,081","71.3%"
"            White alone","10,603,657","53.5%","30,378","27.8%","8,593","6.4%","31,715","25.5%","24,832","18.0%","6,243","3.6%","6,512","5.0%","2,014","1.5%","3,453","2.4%","3,343","1.9%","5,613","3.5%","42,611","19.7%","30,211","25.5%","22,579","17.5%","17,173","13.9%","152,243","73.4%","125,840","63.6%","78,345","51.6%","94,795","65.6%","45,992","32.6%","97,386","66.4%","130,032","76.5%","84,472","61.0%","69,012","37.3%","94,741","59.4%","27,572","24.0%","44,788","32.7%","69,775","47.4%","72,589","61.8%","38,971","28.1%","3,489","2.8%","6,381","3.6%","40,078","20.4%","6,167","4.4%","28,414","25.8%","37,114","27.5%","56,957","50.9%","116,083","67.4%","68,233","39.4%","92,470","58.1%","78,428","38.0%","66,855","55.5%","74,661","47.6%","16,024","10.4%","65,242","26.9%","41,573","34.3%","19,366","9.4%","45,196","27.6%","6,435","4.7%","54,230","43.0%","43,057","28.8%","80,174","47.7%","25,766","17.9%","3,794","1.4%","28,298","18.1%","48,359","35.9%"
"            Black or African American alone","2,651,928","13.4%","12,664","11.6%","75,425","55.9%","34,668","27.9%","30,153","21.9%","52,434","29.9%","18,591","14.3%","34,099","26.2%","45,245","31.1%","47,031","26.4%","43,772","27.4%","15,928","7.3%","21,538","18.2%","56,966","44.2%","36,440","29.5%","6,628","3.2%","12,806","6.5%","12,631","8.3%","7,450","5.2%","15,496","11.0%","6,711","4.6%","565","0.3%","3,169","2.3%","39,510","21.3%","6,082","3.8%","18,033","15.7%","55,386","40.4%","30,727","20.9%","10,644","9.1%","60,146","43.4%","81,697","65.9%","82,531","46.1%","109,359","55.7%","108,644","78.1%","59,723","54.3%","5,063","3.8%","2,032","1.8%","5,625","3.3%","44,996","26.0%","8,782","5.5%","2,889","1.4%","12,302","10.2%","7,300","4.7%","8,119","5.3%","5,417","2.2%","2,123","1.8%","105,596","51.2%","19,104","11.7%","6,717","4.9%","4,042","3.2%","3,779","2.5%","2,888","1.7%","10,163","7.1%","149,348","55.2%","15,315","9.8%","39,834","29.6%"
"            American Indian and Alaska Native alone","35,726","0.2%","0","0.0%","0","0.0%","0","0.0%","526","0.4%","209","0.1%","1,876","1.4%","334","0.3%","0","0.0%","0","0.0%","307","0.2%","440","0.2%","405","0.3%","0","0.0%","0","0.0%","19","0.0%","0","0.0%","236","0.2%","0","0.0%","188","0.1%","54","0.0%","0","0.0%","0","0.0%","882","0.5%","0","0.0%","130","0.1%","0","0.0%","64","0.0%","0","0.0%","641","0.5%","302","0.2%","0","0.0%","663","0.3%","0","0.0%","46","0.0%","858","0.6%","180","0.2%","0","0.0%","0","0.0%","114","0.1%","854","0.4%","0","0.0%","447","0.3%","7","0.0%","389","0.2%","130","0.1%","33","0.0%","305","0.2%","399","0.3%","0","0.0%","119","0.1%","211","0.1%","244","0.2%","842","0.3%","2,219","1.4%","137","0.1%"
"            Asian alone","1,713,659","8.6%","5,826","5.3%","2,584","1.9%","4,422","3.6%","12,305","8.9%","963","0.5%","6,821","5.2%","470","0.4%","3,110","2.1%","14,946","8.4%","1,194","0.7%","5,822","2.7%","12,116","10.2%","4,995","3.9%","11,967","9.7%","19,455","9.4%","21,587","10.9%","25,534","16.8%","20,799","14.4%","39,699","28.1%","24,390","16.6%","11,031","6.5%","26,865","19.4%","18,602","10.0%","12,120","7.6%","9,426","8.2%","4,113","3.0%","17,954","12.2%","8,832","7.5%","7,116","5.1%","2,138","1.7%","13,142","7.3%","12,312","6.3%","3,251","2.3%","3,083","2.8%","36,094","26.7%","24,114","21.5%","21,359","12.4%","16,753","9.7%","33,152","20.8%","75,529","36.6%","18,666","15.5%","23,615","15.0%","30,218","19.7%","127,342","52.5%","56,806","46.9%","37,634","18.2%","55,493","33.9%","43,618","31.8%","32,764","26.0%","53,969","36.1%","16,495","9.8%","33,170","23.1%","43,832","16.2%","38,211","24.5%","2,741","2.0%"
"            Native Hawaiian and Other Pacific Islander alone","5,656","0.0%","0","0.0%","0","0.0%","0","0.0%","0","0.0%","0","0.0%","0","0.0%","3","0.0%","194","0.1%","0","0.0%","0","0.0%","26","0.0%","0","0.0%","0","0.0%","0","0.0%","130","0.1%","0","0.0%","416","0.3%","0","0.0%","90","0.1%","0","0.0%","0","0.0%","0","0.0%","0","0.0%","0","0.0%","0","0.0%","0","0.0%","0","0.0%","0","0.0%","0","0.0%","0","0.0%","1,005","0.6%","0","0.0%","88","0.1%","0","0.0%","0","0.0%","0","0.0%","0","0.0%","0","0.0%","0","0.0%","0","0.0%","0","0.0%","0","0.0%","472","0.3%","241","0.1%","0","0.0%","0","0.0%","0","0.0%","0","0.0%","412","0.3%","0","0.0%","0","0.0%","0","0.0%","0","0.0%","0","0.0%","0","0.0%"
"            Some other race alone","196,044","1.0%","818","0.7%","3,340","2.5%","183","0.1%","815","0.6%","1,792","1.0%","130","0.1%","1,144","0.9%","690","0.5%","2,167","1.2%","683","0.4%","801","0.4%","568","0.5%","2,034","1.6%","385","0.3%","1,470","0.7%","1,021","0.5%","1,508","1.0%","2,249","1.6%","574","0.4%","712","0.5%","1,074","0.6%","868","0.6%","743","0.4%","1,669","1.0%","868","0.8%","676","0.5%","1,917","1.3%","803","0.7%","2,465","1.8%","1,882","1.5%","1,964","1.1%","1,067","0.5%","753","0.5%","1,930","1.8%","2,105","1.6%","747","0.7%","5,642","3.3%","2,425","1.4%","1,512","0.9%","1,204","0.6%","29","0.0%","1,178","0.8%","1,065","0.7%","2,065","0.9%","618","0.5%","7,867","3.8%","5,268","3.2%","1,652","1.2%","1,347","1.1%","966","0.6%","1,037","0.6%","7,660","5.3%","15,595","5.8%","17,832","11.4%","467","0.3%"
"            Two or more races","764,906","3.9%","3,994","3.7%","2,047","1.5%","2,660","2.1%","3,834","2.8%","6,254","3.6%","1,183","0.9%","5,137","3.9%","3,226","2.2%","4,311","2.4%","3,550","2.2%","3,848","1.8%","6,418","5.4%","7,385","5.7%","4,445","3.6%","7,347","3.5%","9,219","4.7%","6,802","4.5%","7,457","5.2%","3,703","2.6%","5,091","3.5%","5,103","3.0%","2,517","1.8%","6,969","3.8%","9,576","6.0%","4,046","3.5%","8,897","6.5%","8,829","6.0%","5,592","4.8%","8,485","6.1%","8,492","6.9%","12,599","7.0%","14,669","7.5%","14,535","10.4%","5,814","5.3%","2,847","2.1%","2,457","2.2%","4,956","2.9%","10,505","6.1%","4,746","3.0%","6,765","3.3%","2,922","2.4%","5,990","3.8%","1,565","1.0%","3,152","1.3%","3,661","3.0%","6,705","3.2%","4,514","2.8%","2,103","1.5%","6,158","4.9%","3,387","2.3%","4,752","2.8%","6,395","4.4%","14,370","5.3%","9,377","6.0%","4,543","3.4%"
"                Two races including Some other race","278,046","1.4%","1,581","1.4%","1,153","0.9%","57","0.0%","859","0.6%","2,869","1.6%","120","0.1%","2,541","2.0%","1,775","1.2%","737","0.4%","100","0.1%","1,025","0.5%","1,977","1.7%","1,413","1.1%","1,487","1.2%","2,559","1.2%","2,444","1.2%","1,394","0.9%","1,226","0.8%","513","0.4%","406","0.3%","918","0.5%","164","0.1%","1,745","0.9%","1,669","1.0%","1,022","0.9%","4,458","3.3%","2,264","1.5%","1,079","0.9%","4,100","3.0%","5,305","4.3%","9,363","5.2%","10,930","5.6%","10,850","7.8%","2,816","2.6%","966","0.7%","384","0.3%","2,318","1.3%","4,271","2.5%","575","0.4%","1,308","0.6%","89","0.1%","2,076","1.3%","138","0.1%","152","0.1%","1,565","1.3%","3,749","1.8%","1,212","0.7%","750","0.5%","1,072","0.9%","635","0.4%","1,208","0.7%","2,361","1.6%","9,607","3.5%","7,452","4.8%","2,586","1.9%"
"                Two races excluding Some other race, and Three or more races","486,860","2.5%","2,413","2.2%","894","0.7%","2,603","2.1%","2,975","2.2%","3,385","1.9%","1,063","0.8%","2,596","2.0%","1,451","1.0%","3,574","2.0%","3,450","2.2%","2,823","1.3%","4,441","3.8%","5,972","4.6%","2,958","2.4%","4,788","2.3%","6,775","3.4%","5,408","3.6%","6,231","4.3%","3,190","2.3%","4,685","3.2%","4,185","2.5%","2,353","1.7%","5,224","2.8%","7,907","5.0%","3,024","2.6%","4,439","3.2%","6,565","4.5%","4,513","3.8%","4,385","3.2%","3,187","2.6%","3,236","1.8%","3,739","1.9%","3,685","2.6%","2,998","2.7%","1,881","1.4%","2,073","1.9%","2,638","1.5%","6,234","3.6%","4,171","2.6%","5,457","2.6%","2,833","2.4%","3,914","2.5%","1,427","0.9%","3,000","1.2%","2,096","1.7%","2,956","1.4%","3,302","2.0%","1,353","1.0%","5,086","4.0%","2,752","1.8%","3,544","2.1%","4,034","2.8%","4,763","1.8%","1,925","1.2%","1,957","1.5%"
"Total housing units","8,530,561","(X)","44,995","(X)","51,051","(X)","52,651","(X)","53,277","(X)","67,007","(X)","52,875","(X)","47,679","(X)","52,154","(X)","73,661","(X)","57,071","(X)","82,576","(X)","53,619","(X)","64,827","(X)","56,589","(X)","140,363","(X)","124,080","(X)","115,616","(X)","102,750","(X)","78,468","(X)","97,721","(X)","63,961","(X)","50,760","(X)","69,433","(X)","77,305","(X)","46,540","(X)","54,893","(X)","76,605","(X)","56,647","(X)","65,757","(X)","50,473","(X)","62,776","(X)","72,901","(X)","57,266","(X)","48,945","(X)","47,915","(X)","50,104","(X)","54,686","(X)","68,790","(X)","64,831","(X)","76,452","(X)","53,107","(X)","95,762","(X)","60,698","(X)","98,610","(X)","47,626","(X)","67,208","(X)","60,914","(X)","48,614","(X)","58,689","(X)","72,484","(X)","68,588","(X)","47,285","(X)","82,291","(X)","44,251","(X)","49,734","(X)"
"CITIZEN, VOTING AGE POPULATION","","","","","","","","","","","","","","","","","","","","","","","","","","","","","","","","","","","","","","","","","","","","","","","","","","","","","","","","","","","","","","","","","","","","","","","","","","","","","","","","","","","","","","","","","","","","","","","","","","","","","","","","","","","","","","","",""
"    Citizen, 18 and over population","14,109,037","14,109,037","71,644","71,644","85,681","85,681","90,715","90,715","84,824","84,824","107,219","107,219","70,866","70,866","67,554","67,554","84,464","84,464","113,847","113,847","98,459","98,459","140,121","140,121","85,687","85,687","87,241","87,241","85,294","85,294","157,224","157,224","147,136","147,136","119,746","119,746","112,888","112,888","109,716","109,716","112,923","112,923","130,253","130,253","92,737","92,737","125,351","125,351","112,734","112,734","80,040","80,040","92,790","92,790","110,737","110,737","82,362","82,362","100,885","100,885","88,024","88,024","110,703","110,703","132,205","132,205","91,508","91,508","76,054","76,054","66,982","66,982","77,287","77,287","88,394","88,394","109,615","109,615","105,089","105,089","113,949","113,949","79,627","79,627","111,387","111,387","78,041","78,041","150,108","150,108","81,328","81,328","145,622","145,622","103,068","103,068","60,581","60,581","85,393","85,393","77,684","77,684","108,989","108,989","87,751","87,751","167,965","167,965","105,420","105,420","83,047","83,047"
"        Male","6,777,199","48.0%","32,245","45.0%","35,736","41.7%","41,738","46.0%","39,699","46.8%","49,379","46.1%","34,155","48.2%","29,618","43.8%","38,696","45.8%","53,322","46.8%","44,043","44.7%","64,075","45.7%","41,362","48.3%","40,741","46.7%","36,348","42.6%","69,504","44.2%","66,826","45.4%","60,001","50.1%","54,085","47.9%","53,006","48.3%","52,631","46.6%","64,715","49.7%","45,193","48.7%","57,488","45.9%","56,350","50.0%","38,092","47.6%","42,239","45.5%","48,673","44.0%","40,669","49.4%","46,838","46.4%","37,502","42.6%","46,633","42.1%","57,662","43.6%","39,423","43.1%","34,567","45.5%","30,838","46.0%","36,654","47.4%","44,403","50.2%","50,568","46.1%","49,149","46.8%","56,708","49.8%","34,869","43.8%","54,444","48.9%","38,852","49.8%","70,867","47.2%","38,853","47.8%","68,057","46.7%","48,837","47.4%","27,910","46.1%","40,202","47.1%","40,021","51.5%","53,746","49.3%","42,158","48.0%","78,095","46.5%","51,990","49.3%","35,969","43.3%"
"        Female","7,331,838","52.0%","39,399","55.0%","49,945","58.3%","48,977","54.0%","45,125","53.2%","57,840","53.9%","36,711","51.8%","37,936","56.2%","45,768","54.2%","60,525","53.2%","54,416","55.3%","76,046","54.3%","44,325","51.7%","46,500","53.3%","48,946","57.4%","87,720","55.8%","80,310","54.6%","59,745","49.9%","58,803","52.1%","56,710","51.7%","60,292","53.4%","65,538","50.3%","47,544","51.3%","67,863","54.1%","56,384","50.0%","41,948","52.4%","50,551","54.5%","62,064","56.0%","41,693","50.6%","54,047","53.6%","50,522","57.4%","64,070","57.9%","74,543","56.4%","52,085","56.9%","41,487","54.5%","36,144","54.0%","40,633","52.6%","43,991","49.8%","59,047","53.9%","55,940","53.2%","57,241","50.2%","44,758","56.2%","56,943","51.1%","39,189","50.2%","79,241","52.8%","42,475","52.2%","77,565","53.3%","54,231","52.6%","32,671","53.9%","45,191","52.9%","37,663","48.5%","55,243","50.7%","45,593","52.0%","89,870","53.5%","53,430","50.7%","47,078","56.7%"